subject:10000:1786548417791304500,{'subject': 'cmd.exe'},21159802
subject:10008:1786545753593301600,{'subject': 'cmd.exe'},21082520
subject:10012:1786548324211306100,{'subject': 'cmd.exe'},21155334
subject:10028:1786549813934419900,{'subject': 'cmd.exe'},21206206
subject:10148:1786545999720513700,{'subject': 'cmd.exe'},21087722
subject:1020:1786545598907639000,{'subject': 'cmd.exe'},21082227
subject:10260:1786555026373649800,{'subject': 'cmd.exe'},21375016
subject:10296:1786552919752822400,{'subject': 'cmd.exe'},21301674
subject:10336:1786552267366761400,{'subject': 'cmd.exe'},21281448
subject:10360:1786550841788617800,{'subject': 'fsutil.exe'},21251994
subject:10380:1786551957073125200,{'subject': 'conhost.exe'},21276302
subject:10392:1786546431851217200,{'subject': 'cmd.exe'},21102996
subject:10496:1786553013233516600,{'subject': 'cmd.exe'},21303470
subject:10544:1786549565901414200,{'subject': 'conhost.exe'},21185968
subject:10544:1786552825613102800,{'subject': 'conhost.exe'},21296815
subject:10556:1786545753598943600,{'subject': 'conhost.exe'},21082530
subject:10604:1786551147392881300,{'subject': 'cmd.exe'},21255769
subject:10608:1786549441038605700,{'subject': 'cmd.exe'},21185520
subject:10680:1786549688785491100,{'subject': 'conhost.exe'},21200719
subject:10688:1786545349209519100,{'subject': 'cmd.exe'},21067333
subject:10696:1786545349213577000,{'subject': 'conhost.exe'},21067343
subject:10744:1786553013233764800,{'subject': 'cmd.exe'},21303471
subject:10880:1786551056120856400,{'subject': 'cmd.exe'},21254983
subject:10884:1786554806943926500,{'subject': 'cmd.exe'},21365278
subject:10900:1786549813940081600,{'subject': 'conhost.exe'},21206225
subject:11068:1786546216454173200,{'subject': 'conhost.exe'},21099127
subject:11104:1786550003712371600,{'subject': 'conhost.exe'},21209720
subject:11128:1786546430857307100,{'subject': 'SIHClient.exe'},21103375
subject:11160:1786552176952356400,{'subject': 'conhost.exe'},21280387
subject:11196:1786550717645767300,{'subject': 'conhost.exe'},21250961
subject:11200:1786555736834130600,{'subject': 'cmd.exe'},21392887
subject:1204:1786553013233495200,{'subject': 'cmd.exe'},21303469
subject:1252:1786550717640025300,{'subject': 'cmd.exe'},21250951
subject:1308:1786549159158811900,{'subject': 'conhost.exe'},21166556
subject:1504:1786544942887975100,{'subject': 'cmd.exe'},21053352
subject:1512:1786549062893642900,{'subject': 'conhost.exe'},21164962
subject:1632:1786543921116985400,{'subject': 'ROUTE.EXE'},21006647
subject:1708:1786552730181794200,{'subject': 'conhost.exe'},21295950
subject:1748:1786553689431169000,{'subject': 'conhost.exe'},21327071
subject:1808:1786543241009016900,{'subject': 'cmd.exe'},20990159
subject:1928:1786544231812047600,{'subject': 'conhost.exe'},21010360
subject:1948:1786546431863000700,{'subject': 'conhost.exe'},21103019
subject:2256:1786552482640384600,{'subject': 'conhost.exe'},21288234
subject:2264:1786544325147143900,{'subject': 'powershell.exe'},21012143
subject:2264:1786553013238581600,{'subject': 'conhost.exe'},21303505
subject:2268:1786554033219675000,{'subject': 'conhost.exe'},21338162
subject:2424:1786543022888780700,{'subject': 'net.exe'},20987912
subject:2436:1786543023886368800,{'subject': 'cmd.exe'},20987705
subject:2436:1786555026377700200,{'subject': 'conhost.exe'},21375026
subject:2676:1786543023890182000,{'subject': 'conhost.exe'},20987715
subject:280:1786548417790150000,{'subject': 'SIHClient.exe'},21159801
subject:2828:1786551863256474100,{'subject': 'conhost.exe'},21269606
subject:2848:1786544819993413100,{'subject': 'conhost.exe'},21047639
subject:2964:1786543147429704100,{'subject': 'powershell.exe'},20988787
subject:2972:1786552825608161800,{'subject': 'cmd.exe'},21296794
subject:3108:1786555859541918400,{'subject': 'cmd.exe'},21393236
subject:3180:1786549345226880400,{'subject': 'conhost.exe'},21179696
subject:3180:1786550841681523500,{'subject': 'cmd.exe'},21251787
subject:3300:1786542776284243400,{'subject': 'schtasks.exe'},20977129
subject:3408:1786546927269983800,{'subject': 'cmd.exe'},21122540
subject:3444:1786544325153423900,{'subject': 'conhost.exe'},21012153
subject:3636:1786549565890684700,{'subject': 'powershell.exe'},21185958
subject:3644:1786552918640336600,{'subject': 'conhost.exe'},21301684
subject:3916:1786549441042283000,{'subject': 'conhost.exe'},21185530
subject:3916:1786551147396554000,{'subject': 'conhost.exe'},21255779
subject:3992:1786549688782471000,{'subject': 'cmd.exe'},21200709
subject:4108:1786554900268929400,{'subject': 'cmd.exe'},21365808
subject:4160:1786542838581825300,{'subject': 'conhost.exe'},20978488
subject:4208:1786546927273644700,{'subject': 'conhost.exe'},21122561
subject:424:1786547673119449700,{'subject': 'conhost.exe'},21128200
subject:424:1786549910560341800,{'subject': 'conhost.exe'},21209495
subject:4376:1786551863246729000,{'subject': 'cmd.exe'},21269596
subject:4444:1786549626306358500,{'subject': 'conhost.exe'},21189105
subject:444:1786542849342489700,{'subject': 'powershell.exe'},20978828
subject:4508:1786544727795144200,{'subject': 'cmd.exe'},21044815
subject:4588:1786546431851255700,{'subject': 'cmd.exe'},21102997
subject:4648:1786542776201949800,{'subject': 'schtasks.exe'},20976909
subject:468:1786549062884523000,{'subject': 'cmd.exe'},21164952
subject:480:1786549502803177200,{'subject': 'cmd.exe'},21185738
subject:480:1786551240228332300,{'subject': 'cmd.exe'},21256663
subject:4844:1786554900275145300,{'subject': 'conhost.exe'},21365818
subject:4860:1786549252623495400,{'subject': 'cmd.exe'},21168686
subject:5028:1786554806949256400,{'subject': 'conhost.exe'},21365288
subject:5160:1786543829097756700,{'subject': 'cmd.exe'},21005987
subject:5236:1786551767743232700,{'subject': 'cmd.exe'},21269360
subject:5276:1786547673115341500,{'subject': 'cmd.exe'},21128190
subject:5400:1786549252637907100,{'subject': 'conhost.exe'},21168696
subject:5560:1786550003704859000,{'subject': 'cmd.exe'},21209710
subject:5568:1786542931452389200,{'subject': 'conhost.exe'},20985707
subject:5628:1786544942893263100,{'subject': 'conhost.exe'},21053362
subject:5676:1786544819988657900,{'subject': 'cmd.exe'},21047629
subject:5720:1786546431862131500,{'subject': 'conhost.exe'},21103016
subject:5792:1786549813933976300,{'subject': 'cmd.exe'},21206205
subject:5884:1786543334232880000,{'subject': 'conhost.exe'},20990599
subject:5984:1786544016388667900,{'subject': 'conhost.exe'},21008209
subject:5984:1786550841688443700,{'subject': 'conhost.exe'},21251797
subject:6024:1786543829194283200,{'subject': 'ARP.EXE'},21006194
subject:6076:1786545099843203800,{'subject': 'cmd.exe'},21055542
subject:6092:1786542850669843800,{'subject': 'wermgr.exe'},20980907
subject:6092:1786545160941097800,{'subject': 'cmd.exe'},21055824
subject:6100:1786552267371787500,{'subject': 'conhost.exe'},21281458
subject:6168:1786546927273632200,{'subject': 'conhost.exe'},21122560
subject:6184:1786548324219951500,{'subject': 'conhost.exe'},21155361
subject:6228:1786548417807375500,{'subject': 'conhost.exe'},21159819
subject:6284:1786548970630328400,{'subject': 'cmd.exe'},21164673
subject:6496:1786544727801877100,{'subject': 'conhost.exe'},21044825
subject:6516:1786543921033454800,{'subject': 'conhost.exe'},21006450
subject:6600:1786552082528588200,{'subject': 'conhost.exe'},21278167
subject:6608:1786549158039197800,{'subject': 'cmd.exe'},21166546
subject:6632:1786542931446606300,{'subject': 'cmd.exe'},20985697
subject:6684:1786543921030139200,{'subject': 'cmd.exe'},21006440
subject:6740:1786549502812286000,{'subject': 'conhost.exe'},21185748
subject:6772:1786548324347831500,{'subject': 'SIHClient.exe'},21155742
subject:6792:1786547794831185700,{'subject': 'cmd.exe'},21131923
subject:6796:1786553628145666200,{'subject': 'conhost.exe'},21326764
subject:684:1786554376256153400,{'subject': 'cmd.exe'},21345775
subject:6852:1786548230667833000,{'subject': 'conhost.exe'},21140099
subject:6996:1786547050422680800,{'subject': 'cmd.exe'},21124181
subject:7064:1786542776315685100,{'subject': 'wupdate.exe'},20977220
subject:712:1786554376262339900,{'subject': 'conhost.exe'},21345785
subject:7132:1786543022901893800,{'subject': 'net1.exe'},20987963
subject:7136:1786549345221560400,{'subject': 'cmd.exe'},21179686
subject:7208:1786544605155726900,{'subject': 'powershell.exe'},21034972
subject:7256:1786546306745333000,{'subject': 'cmd.exe'},21101167
subject:7332:1786548324212902600,{'subject': 'cmd.exe'},21155335
subject:7464:1786544231808162500,{'subject': 'cmd.exe'},21010350
subject:7504:1786553537688929700,{'subject': 'conhost.exe'},21326459
subject:7508:1786543335344009100,{'subject': 'cmd.exe'},20990589
subject:7536:1786549813940175500,{'subject': 'conhost.exe'},21206227
subject:7640:1786543427396538500,{'subject': 'powershell.exe'},20991019
subject:7644:1786544605159295300,{'subject': 'conhost.exe'},21034982
subject:7840:1786542774857821000,{'subject': 'powershell.exe'},20974004
subject:7848:1786549626296424200,{'subject': 'cmd.exe'},21189095
subject:7872:1786551957069982200,{'subject': 'cmd.exe'},21276292
subject:7932:1786543241129051800,{'subject': 'reg.exe'},20990366
subject:7952:1786542837567112500,{'subject': 'whoami.exe'},20978700
subject:8044:1786545160944788200,{'subject': 'conhost.exe'},21055834
subject:8164:1786543334324951600,{'subject': 'reg.exe'},20990796
subject:8256:1786544820077106800,{'subject': 'findstr.exe'},21047836
subject:8260:1786546835078427100,{'subject': 'cmd.exe'},21121247
subject:8284:1786552082525379900,{'subject': 'cmd.exe'},21278157
subject:8300:1786542838577742100,{'subject': 'cmd.exe'},20978470
subject:8300:1786543829101804500,{'subject': 'conhost.exe'},21005997
subject:8412:1786553537671873200,{'subject': 'cmd.exe'},21326449
subject:8448:1786552825613459800,{'subject': 'conhost.exe'},21296818
subject:8460:1786552825608665100,{'subject': 'cmd.exe'},21296795
subject:8464:1786548230662960400,{'subject': 'cmd.exe'},21140089
subject:8468:1786542776230536400,{'subject': 'schtasks.exe'},20977009
subject:8496:1786553689533378600,{'subject': 'findstr.exe'},21327269
subject:8496:1786555736841279400,{'subject': 'conhost.exe'},21392897
subject:8504:1786546216448991500,{'subject': 'cmd.exe'},21099117
subject:8520:1786543241016222900,{'subject': 'conhost.exe'},20990169
subject:856:1786543147435531600,{'subject': 'conhost.exe'},20988797
subject:8624:1786543427401687900,{'subject': 'conhost.exe'},20991030
subject:8656:1786542777001384700,{'subject': 'wermgr.exe'},20977660
subject:8700:1786545037138455100,{'subject': 'conhost.exe'},21055279
subject:8712:1786547050426557500,{'subject': 'conhost.exe'},21124191
subject:8756:1786542774960411000,{'subject': 'conhost.exe'},20974580
subject:8792:1786545037135368900,{'subject': 'cmd.exe'},21055269
subject:8836:1786542930463610600,{'subject': 'HOSTNAME.EXE'},20985905
subject:8948:1786542849346263900,{'subject': 'conhost.exe'},20978842
subject:8948:1786544231905962600,{'subject': 'tar.exe'},21010557
subject:8948:1786548324218001300,{'subject': 'conhost.exe'},21155352
subject:8984:1786548970635377900,{'subject': 'conhost.exe'},21164683
subject:9036:1786554033213850200,{'subject': 'cmd.exe'},21338152
subject:9116:1786545099846225300,{'subject': 'conhost.exe'},21055552
subject:9160:1786544016385705200,{'subject': 'powershell.exe'},21008199
subject:9164:1786552730171960900,{'subject': 'cmd.exe'},21295940
subject:9180:1786546092534162900,{'subject': 'findstr.exe'},21091988
subject:9180:1786546927270069700,{'subject': 'cmd.exe'},21122541
subject:9276:1786546926325533400,{'subject': 'findstr.exe'},21122949
subject:936:1786549910546224300,{'subject': 'cmd.exe'},21209485
subject:9380:1786545999724120600,{'subject': 'conhost.exe'},21087732
subject:9380:1786546306749086700,{'subject': 'conhost.exe'},21101177
subject:9384:1786551767750179200,{'subject': 'conhost.exe'},21269370
subject:9400:1786553689416821800,{'subject': 'cmd.exe'},21327061
subject:9412:1786546093544004900,{'subject': 'cmd.exe'},21091781
subject:9452:1786547794836331900,{'subject': 'conhost.exe'},21131933
subject:9460:1786551056127922600,{'subject': 'conhost.exe'},21254993
subject:9468:1786553628142081200,{'subject': 'cmd.exe'},21326754
subject:9488:1786545598911550300,{'subject': 'conhost.exe'},21082237
subject:9608:1786551335959226000,{'subject': 'SIHClient.exe'},21263154
subject:9664:1786552482636444600,{'subject': 'cmd.exe'},21288224
subject:9692:1786555860667957400,{'subject': 'conhost.exe'},21393246
subject:9704:1786553012297169800,{'subject': 'SIHClient.exe'},21304079
subject:9740:1786546093550357300,{'subject': 'conhost.exe'},21091791
subject:9768:1786553013238282500,{'subject': 'conhost.exe'},21303500
subject:9796:1786545443819222300,{'subject': 'conhost.exe'},21073901
subject:9800:1786551240236076900,{'subject': 'conhost.exe'},21256673
subject:9816:1786545443812795600,{'subject': 'cmd.exe'},21073891
subject:9864:1786545256836108000,{'subject': 'cmd.exe'},21064253
subject:9872:1786545256843022900,{'subject': 'conhost.exe'},21064263
subject:992:1786552176946628800,{'subject': 'cmd.exe'},21280377
subject:9968:1786546835081921900,{'subject': 'conhost.exe'},21121257
subject:9972:1786553013238177500,{'subject': 'conhost.exe'},21303499
