file:c:/$logfile,{'file': 'C:\\$LogFile'},0
file:c:/programdata/microsoft/windows/caches/s.db,{'file': 'C:\\ProgramData\\Microsoft\\Windows\\Caches\\s.db'},0
file:c:/programdata/microsoft/windows/caches/wu.dat,{'file': 'C:\\ProgramData\\Microsoft\\Windows\\Caches\\wu.dat'},0
file:c:/programdata/microsoft/windows/caches/y.db,{'file': 'C:\\ProgramData\\Microsoft\\Windows\\Caches\\y.db'},0
file:c:/programdata/microsoft/windows/wer/reportarchive/critical_powershell.exe_8899618aedd86dd224d472bc8966a26d7b4998c_00000000_164ac142-3b7f-4400-897a-ceb3f5afced2/report.wer,{'file': 'C:\\ProgramData\\Microsoft\\Windows\\WER\\ReportArchive\\Critical_powershell.exe_8899618aedd86dd224d472bc8966a26d7b4998c_00000000_164ac142-3b7f-4400-897a-ceb3f5afced2\\Report.wer'},0
file:c:/programdata/microsoft/windows/wer/reportarchive/critical_powershell.exe_8899618aedd86dd224d472bc8966a26d7b4998c_00000000_994fb471-735b-48c6-8990-3f0a03be6911/report.wer,{'file': 'C:\\ProgramData\\Microsoft\\Windows\\WER\\ReportArchive\\Critical_powershell.exe_8899618aedd86dd224d472bc8966a26d7b4998c_00000000_994fb471-735b-48c6-8990-3f0a03be6911\\Report.wer'},0
file:c:/programdata/microsoft/windows/wer/temp/wer1f42.tmp.werinternalmetadata.xml,{'file': 'C:\\ProgramData\\Microsoft\\Windows\\WER\\Temp\\WER1F42.tmp.WERInternalMetadata.xml'},0
file:c:/programdata/microsoft/windows/wer/temp/wer1f63.tmp.xml,{'file': 'C:\\ProgramData\\Microsoft\\Windows\\WER\\Temp\\WER1F63.tmp.xml'},0
file:c:/programdata/microsoft/windows/wer/temp/werc176.tmp.werinternalmetadata.xml,{'file': 'C:\\ProgramData\\Microsoft\\Windows\\WER\\Temp\\WERC176.tmp.WERInternalMetadata.xml'},0
file:c:/programdata/microsoft/windows/wer/temp/werc186.tmp.xml,{'file': 'C:\\ProgramData\\Microsoft\\Windows\\WER\\Temp\\WERC186.tmp.xml'},0
file:c:/users/admin/appdata/local/microsoft/clr_v4.0/usagelogs/powershell.exe.log,{'file': 'C:\\Users\\admin\\AppData\\Local\\Microsoft\\CLR_v4.0\\UsageLogs\\powershell.exe.log'},0
file:c:/users/admin/appdata/local/microsoft/windows/powershell/startupprofiledata-interactive,{'file': 'C:\\Users\\admin\\AppData\\Local\\Microsoft\\Windows\\PowerShell\\StartupProfileData-Interactive'},0
file:c:/users/admin/appdata/local/microsoft/windows/powershell/startupprofiledata-noninteractive,{'file': 'C:\\Users\\admin\\AppData\\Local\\Microsoft\\Windows\\PowerShell\\StartupProfileData-NonInteractive'},0
file:c:/users/admin/appdata/local/microsoft/windows/wupdate.exe,{'file': 'C:\\Users\\admin\\AppData\\Local\\Microsoft\\Windows\\wupdate.exe'},0
file:c:/users/admin/appdata/local/temp/__psscriptpolicytest_42qxqvko.1eh.psm1,{'file': 'C:\\Users\\admin\\AppData\\Local\\Temp\\__PSScriptPolicyTest_42qxqvko.1eh.psm1'},0
file:c:/users/admin/appdata/local/temp/__psscriptpolicytest_4xbp1m4d.huo.ps1,{'file': 'C:\\Users\\admin\\AppData\\Local\\Temp\\__PSScriptPolicyTest_4xbp1m4d.huo.ps1'},0
file:c:/users/admin/appdata/local/temp/__psscriptpolicytest_55vmkvb0.0ye.psm1,{'file': 'C:\\Users\\admin\\AppData\\Local\\Temp\\__PSScriptPolicyTest_55vmkvb0.0ye.psm1'},0
file:c:/users/admin/appdata/local/temp/__psscriptpolicytest_af23ljta.1lo.ps1,{'file': 'C:\\Users\\admin\\AppData\\Local\\Temp\\__PSScriptPolicyTest_af23ljta.1lo.ps1'},0
file:c:/users/admin/appdata/local/temp/__psscriptpolicytest_b5mn203v.jmg.ps1,{'file': 'C:\\Users\\admin\\AppData\\Local\\Temp\\__PSScriptPolicyTest_b5mn203v.jmg.ps1'},0
file:c:/users/admin/appdata/local/temp/__psscriptpolicytest_dfzpw2ry.s0j.ps1,{'file': 'C:\\Users\\admin\\AppData\\Local\\Temp\\__PSScriptPolicyTest_dfzpw2ry.s0j.ps1'},0
file:c:/users/admin/appdata/local/temp/__psscriptpolicytest_dxchuu0q.3ms.ps1,{'file': 'C:\\Users\\admin\\AppData\\Local\\Temp\\__PSScriptPolicyTest_dxchuu0q.3ms.ps1'},0
file:c:/users/admin/appdata/local/temp/__psscriptpolicytest_f1iarog2.iv1.ps1,{'file': 'C:\\Users\\admin\\AppData\\Local\\Temp\\__PSScriptPolicyTest_f1iarog2.iv1.ps1'},0
file:c:/users/admin/appdata/local/temp/__psscriptpolicytest_f503351e.ipb.ps1,{'file': 'C:\\Users\\admin\\AppData\\Local\\Temp\\__PSScriptPolicyTest_f503351e.ipb.ps1'},0
file:c:/users/admin/appdata/local/temp/__psscriptpolicytest_fuamo5om.bax.psm1,{'file': 'C:\\Users\\admin\\AppData\\Local\\Temp\\__PSScriptPolicyTest_fuamo5om.bax.psm1'},0
file:c:/users/admin/appdata/local/temp/__psscriptpolicytest_glp3lr15.tgg.psm1,{'file': 'C:\\Users\\admin\\AppData\\Local\\Temp\\__PSScriptPolicyTest_glp3lr15.tgg.psm1'},0
file:c:/users/admin/appdata/local/temp/__psscriptpolicytest_hh2psxzt.5rp.ps1,{'file': 'C:\\Users\\admin\\AppData\\Local\\Temp\\__PSScriptPolicyTest_hh2psxzt.5rp.ps1'},0
file:c:/users/admin/appdata/local/temp/__psscriptpolicytest_qcc0z1gp.nrd.ps1,{'file': 'C:\\Users\\admin\\AppData\\Local\\Temp\\__PSScriptPolicyTest_qcc0z1gp.nrd.ps1'},0
file:c:/users/admin/appdata/local/temp/__psscriptpolicytest_suuc0nzl.2g5.psm1,{'file': 'C:\\Users\\admin\\AppData\\Local\\Temp\\__PSScriptPolicyTest_suuc0nzl.2g5.psm1'},0
file:c:/users/admin/appdata/local/temp/__psscriptpolicytest_tit4uosq.awi.psm1,{'file': 'C:\\Users\\admin\\AppData\\Local\\Temp\\__PSScriptPolicyTest_tit4uosq.awi.psm1'},0
file:c:/users/admin/appdata/local/temp/__psscriptpolicytest_tpg5iz5b.h1u.psm1,{'file': 'C:\\Users\\admin\\AppData\\Local\\Temp\\__PSScriptPolicyTest_tpg5iz5b.h1u.psm1'},0
file:c:/users/admin/appdata/local/temp/__psscriptpolicytest_uij1ikhq.tmm.ps1,{'file': 'C:\\Users\\admin\\AppData\\Local\\Temp\\__PSScriptPolicyTest_uij1ikhq.tmm.ps1'},0
file:c:/users/admin/appdata/local/temp/__psscriptpolicytest_wk4ocpgn.ubb.psm1,{'file': 'C:\\Users\\admin\\AppData\\Local\\Temp\\__PSScriptPolicyTest_wk4ocpgn.ubb.psm1'},0
file:c:/users/admin/appdata/local/temp/__psscriptpolicytest_wwloqjlt.sta.psm1,{'file': 'C:\\Users\\admin\\AppData\\Local\\Temp\\__PSScriptPolicyTest_wwloqjlt.sta.psm1'},0
file:c:/users/admin/appdata/local/temp/__psscriptpolicytest_ye5mwc2r.1dj.psm1,{'file': 'C:\\Users\\admin\\AppData\\Local\\Temp\\__PSScriptPolicyTest_ye5mwc2r.1dj.psm1'},0
file:c:/users/admin/appdata/local/temp/payload_log.txt,{'file': 'C:\\Users\\admin\\AppData\\Local\\Temp\\payload_log.txt'},0
netflow:10.60.60.10:443,{'netflow': '10.60.60.10:443'},0
netflow:10.60.60.20:443,{'netflow': '10.60.60.20:443'},0
netflow:135.233.45.223:443,{'netflow': '135.233.45.223:443'},0
netflow:172.178.240.163:443,{'netflow': '172.178.240.163:443'},0
subject:hard_20260812_173904:1004:1786559551152203500,{'subject': 'powershell.exe'},0
subject:hard_20260812_173904:10212:1786558958696433000,{'subject': 'powershell.exe'},0
subject:hard_20260812_173904:1060:1786558775060681400,{'subject': 'reg.exe'},0
subject:hard_20260812_173904:1064:1786558867803237000,{'subject': 'conhost.exe'},0
subject:hard_20260812_173904:1316:1786558557434818100,{'subject': 'conhost.exe'},0
subject:hard_20260812_173904:1456:1786558305945468200,{'subject': 'schtasks.exe'},0
subject:hard_20260812_173904:1696:1786559458755678700,{'subject': 'cmd.exe'},0
subject:hard_20260812_173904:2152:1786558306033788200,{'subject': 'wupdate.exe'},0
subject:hard_20260812_173904:2292:1786558774959676200,{'subject': 'conhost.exe'},0
subject:hard_20260812_173904:2652:1786559365647632300,{'subject': 'conhost.exe'},0
subject:hard_20260812_173904:2680:1786558305923662900,{'subject': 'schtasks.exe'},0
subject:hard_20260812_173904:2952:1786558306000313400,{'subject': 'schtasks.exe'},0
subject:hard_20260812_173904:3228:1786558557598971000,{'subject': 'net1.exe'},0
subject:hard_20260812_173904:3960:1786558675882720800,{'subject': 'wermgr.exe'},0
subject:hard_20260812_173904:4268:1786558369526097900,{'subject': 'conhost.exe'},0
subject:hard_20260812_173904:4268:1786558674512420600,{'subject': 'powershell.exe'},0
subject:hard_20260812_173904:4764:1786558461841721200,{'subject': 'cmd.exe'},0
subject:hard_20260812_173904:4812:1786558461845973700,{'subject': 'conhost.exe'},0
subject:hard_20260812_173904:4840:1786558557427918700,{'subject': 'cmd.exe'},0
subject:hard_20260812_173904:5056:1786558306700485400,{'subject': 'wermgr.exe'},0
subject:hard_20260812_173904:5076:1786559458844088400,{'subject': 'ROUTE.EXE'},0
subject:hard_20260812_173904:5520:1786560048170388800,{'subject': 'powershell.exe'},0
subject:hard_20260812_173904:5852:1786559675693948900,{'subject': 'cmd.exe'},0
subject:hard_20260812_173904:5928:1786558557544591900,{'subject': 'net.exe'},0
subject:hard_20260812_173904:6096:1786559365729990200,{'subject': 'ARP.EXE'},0
subject:hard_20260812_173904:6164:1786559365640390400,{'subject': 'cmd.exe'},0
subject:hard_20260812_173904:6208:1786560048176822400,{'subject': 'conhost.exe'},0
subject:hard_20260812_173904:6212:1786559767472870300,{'subject': 'conhost.exe'},0
subject:hard_20260812_173904:6276:1786558369521183200,{'subject': 'cmd.exe'},0
subject:hard_20260812_173904:692:1786558683479385600,{'subject': 'powershell.exe'},0
subject:hard_20260812_173904:7228:1786559458759256900,{'subject': 'conhost.exe'},0
subject:hard_20260812_173904:7420:1786559675698908900,{'subject': 'conhost.exe'},0
subject:hard_20260812_173904:7432:1786558774956403100,{'subject': 'cmd.exe'},0
subject:hard_20260812_173904:7460:1786558958701218400,{'subject': 'conhost.exe'},0
subject:hard_20260812_173904:7484:1786558369601330600,{'subject': 'whoami.exe'},0
subject:hard_20260812_173904:8220:1786558674519665300,{'subject': 'conhost.exe'},0
subject:hard_20260812_173904:8632:1786559675865469400,{'subject': 'tar.exe'},0
subject:hard_20260812_173904:892:1786558683488423600,{'subject': 'conhost.exe'},0
subject:hard_20260812_173904:9008:1786559551154870600,{'subject': 'conhost.exe'},0
subject:hard_20260812_173904:9020:1786558867907932200,{'subject': 'reg.exe'},0
subject:hard_20260812_173904:9260:1786559767463828100,{'subject': 'powershell.exe'},0
subject:hard_20260812_173904:9368:1786558867796856100,{'subject': 'cmd.exe'},0
subject:hard_20260812_173904:9696:1786558304556468400,{'subject': 'powershell.exe'},0
subject:hard_20260812_173904:9720:1786558461945274500,{'subject': 'HOSTNAME.EXE'},0
subject:hard_20260812_173904:9840:1786558304628613300,{'subject': 'conhost.exe'},0
registry:autodetect,{'file': 'AutoDetect'},0
registry:crls,{'file': 'CRLs'},0
registry:ctls,{'file': 'CTLs'},0
registry:certificates,{'file': 'Certificates'},0
registry:intranetname,{'file': 'IntranetName'},0
registry:inventoryapplicationfile,{'file': 'InventoryApplicationFile'},0
registry:microsoft,{'file': 'Microsoft'},0
registry:permissionschecktestkey,{'file': 'PermissionsCheckTestKey'},0
registry:proxybypass,{'file': 'ProxyBypass'},0
registry:rfc1156agent,{'file': 'RFC1156Agent'},0
registry:root,{'file': 'Root'},0
registry:software/microsoft/windows/currentversion/internet settings/connections,{'file': 'SOFTWARE\\Microsoft\\Windows\\CurrentVersion\\Internet Settings\\Connections'},0
registry:software/policies/microsoft/windows/tenantrestrictions/payload,{'file': 'SOFTWARE\\Policies\\Microsoft\\Windows\\TenantRestrictions\\Payload'},0
registry:software,{'file': 'Software'},0
registry:software/microsoft/enterprisecertificates/ca,{'file': 'Software\\Microsoft\\EnterpriseCertificates\\CA'},0
registry:software/microsoft/enterprisecertificates/disallowed,{'file': 'Software\\Microsoft\\EnterpriseCertificates\\Disallowed'},0
registry:software/microsoft/enterprisecertificates/root,{'file': 'Software\\Microsoft\\EnterpriseCertificates\\Root'},0
registry:software/microsoft/enterprisecertificates/trustedpeople,{'file': 'Software\\Microsoft\\EnterpriseCertificates\\TrustedPeople'},0
registry:software/microsoft/enterprisecertificates/trust,{'file': 'Software\\Microsoft\\EnterpriseCertificates\\trust'},0
registry:software/microsoft/identitycrl/clockdata,{'file': 'Software\\Microsoft\\IdentityCRL\\ClockData'},0
registry:software/microsoft/rfc1156agent/currentversion/parameters,{'file': 'Software\\Microsoft\\RFC1156Agent\\CurrentVersion\\Parameters'},0
registry:software/microsoft/tracing,{'file': 'Software\\Microsoft\\Tracing'},0
registry:software/microsoft/wbem/cimom,{'file': 'Software\\Microsoft\\WBEM\\CIMOM'},0
registry:software/microsoft/windowsselfhost/fids,{'file': 'Software\\Microsoft\\WindowsSelfhost\\FIDs'},0
registry:software/microsoft/windows/currentversion/flighting/build,{'file': 'Software\\Microsoft\\Windows\\CurrentVersion\\Flighting\\Build'},0
registry:software/microsoft/windows/currentversion/wintrust/trust providers/software publishing,{'file': 'Software\\Microsoft\\Windows\\CurrentVersion\\WinTrust\\Trust Providers\\Software Publishing'},0
registry:system/currentcontrolset/control/securityproviders/schannel,{'file': 'System\\CurrentControlSet\\Control\\SecurityProviders\\Schannel'},0
registry:system/currentcontrolset/services/tcpip/parameters,{'file': 'System\\CurrentControlSet\\Services\\Tcpip\\Parameters'},0
registry:tenantrestrictions/payload,{'file': 'TenantRestrictions\\Payload'},0
registry:uncasintranet,{'file': 'UNCAsIntranet'},0
registry:writepermissionscheck,{'file': 'WritePermissionsCheck'},0
registry:/registry/a/{5b245737-555b-fbf9-e3c3-1b249b5d5c39}/root/inventoryapplicationfile/powershell.exe|bd2e1475245f53a2/appxpackagefullname,{'file': '\\REGISTRY\\A\\{5B245737-555B-FBF9-E3C3-1B249B5D5C39}\\ROOT\\INVENTORYAPPLICATIONFILE\\POWERSHELL.EXE|BD2E1475245F53A2\\AppxPackageFullName'},0
registry:/registry/a/{5b245737-555b-fbf9-e3c3-1b249b5d5c39}/root/inventoryapplicationfile/powershell.exe|bd2e1475245f53a2/appxpackagerelativeid,{'file': '\\REGISTRY\\A\\{5B245737-555B-FBF9-E3C3-1B249B5D5C39}\\ROOT\\INVENTORYAPPLICATIONFILE\\POWERSHELL.EXE|BD2E1475245F53A2\\AppxPackageRelativeId'},0
registry:/registry/a/{5b245737-555b-fbf9-e3c3-1b249b5d5c39}/root/inventoryapplicationfile/powershell.exe|bd2e1475245f53a2/binfileversion,{'file': '\\REGISTRY\\A\\{5B245737-555B-FBF9-E3C3-1B249B5D5C39}\\ROOT\\INVENTORYAPPLICATIONFILE\\POWERSHELL.EXE|BD2E1475245F53A2\\BinFileVersion'},0
registry:/registry/a/{5b245737-555b-fbf9-e3c3-1b249b5d5c39}/root/inventoryapplicationfile/powershell.exe|bd2e1475245f53a2/binproductversion,{'file': '\\REGISTRY\\A\\{5B245737-555B-FBF9-E3C3-1B249B5D5C39}\\ROOT\\INVENTORYAPPLICATIONFILE\\POWERSHELL.EXE|BD2E1475245F53A2\\BinProductVersion'},0
registry:/registry/a/{5b245737-555b-fbf9-e3c3-1b249b5d5c39}/root/inventoryapplicationfile/powershell.exe|bd2e1475245f53a2/binarytype,{'file': '\\REGISTRY\\A\\{5B245737-555B-FBF9-E3C3-1B249B5D5C39}\\ROOT\\INVENTORYAPPLICATIONFILE\\POWERSHELL.EXE|BD2E1475245F53A2\\BinaryType'},0
registry:/registry/a/{5b245737-555b-fbf9-e3c3-1b249b5d5c39}/root/inventoryapplicationfile/powershell.exe|bd2e1475245f53a2/fileid,{'file': '\\REGISTRY\\A\\{5B245737-555B-FBF9-E3C3-1B249B5D5C39}\\ROOT\\INVENTORYAPPLICATIONFILE\\POWERSHELL.EXE|BD2E1475245F53A2\\FileId'},0
registry:/registry/a/{5b245737-555b-fbf9-e3c3-1b249b5d5c39}/root/inventoryapplicationfile/powershell.exe|bd2e1475245f53a2/isoscomponent,{'file': '\\REGISTRY\\A\\{5B245737-555B-FBF9-E3C3-1B249B5D5C39}\\ROOT\\INVENTORYAPPLICATIONFILE\\POWERSHELL.EXE|BD2E1475245F53A2\\IsOsComponent'},0
registry:/registry/a/{5b245737-555b-fbf9-e3c3-1b249b5d5c39}/root/inventoryapplicationfile/powershell.exe|bd2e1475245f53a2/language,{'file': '\\REGISTRY\\A\\{5B245737-555B-FBF9-E3C3-1B249B5D5C39}\\ROOT\\INVENTORYAPPLICATIONFILE\\POWERSHELL.EXE|BD2E1475245F53A2\\Language'},0
registry:/registry/a/{5b245737-555b-fbf9-e3c3-1b249b5d5c39}/root/inventoryapplicationfile/powershell.exe|bd2e1475245f53a2/linkdate,{'file': '\\REGISTRY\\A\\{5B245737-555B-FBF9-E3C3-1B249B5D5C39}\\ROOT\\INVENTORYAPPLICATIONFILE\\POWERSHELL.EXE|BD2E1475245F53A2\\LinkDate'},0
registry:/registry/a/{5b245737-555b-fbf9-e3c3-1b249b5d5c39}/root/inventoryapplicationfile/powershell.exe|bd2e1475245f53a2/longpathhash,{'file': '\\REGISTRY\\A\\{5B245737-555B-FBF9-E3C3-1B249B5D5C39}\\ROOT\\INVENTORYAPPLICATIONFILE\\POWERSHELL.EXE|BD2E1475245F53A2\\LongPathHash'},0
registry:/registry/a/{5b245737-555b-fbf9-e3c3-1b249b5d5c39}/root/inventoryapplicationfile/powershell.exe|bd2e1475245f53a2/lowercaselongpath,{'file': '\\REGISTRY\\A\\{5B245737-555B-FBF9-E3C3-1B249B5D5C39}\\ROOT\\INVENTORYAPPLICATIONFILE\\POWERSHELL.EXE|BD2E1475245F53A2\\LowerCaseLongPath'},0
registry:/registry/a/{5b245737-555b-fbf9-e3c3-1b249b5d5c39}/root/inventoryapplicationfile/powershell.exe|bd2e1475245f53a2/name,{'file': '\\REGISTRY\\A\\{5B245737-555B-FBF9-E3C3-1B249B5D5C39}\\ROOT\\INVENTORYAPPLICATIONFILE\\POWERSHELL.EXE|BD2E1475245F53A2\\Name'},0
registry:/registry/a/{5b245737-555b-fbf9-e3c3-1b249b5d5c39}/root/inventoryapplicationfile/powershell.exe|bd2e1475245f53a2/originalfilename,{'file': '\\REGISTRY\\A\\{5B245737-555B-FBF9-E3C3-1B249B5D5C39}\\ROOT\\INVENTORYAPPLICATIONFILE\\POWERSHELL.EXE|BD2E1475245F53A2\\OriginalFileName'},0
registry:/registry/a/{5b245737-555b-fbf9-e3c3-1b249b5d5c39}/root/inventoryapplicationfile/powershell.exe|bd2e1475245f53a2/productname,{'file': '\\REGISTRY\\A\\{5B245737-555B-FBF9-E3C3-1B249B5D5C39}\\ROOT\\INVENTORYAPPLICATIONFILE\\POWERSHELL.EXE|BD2E1475245F53A2\\ProductName'},0
registry:/registry/a/{5b245737-555b-fbf9-e3c3-1b249b5d5c39}/root/inventoryapplicationfile/powershell.exe|bd2e1475245f53a2/productversion,{'file': '\\REGISTRY\\A\\{5B245737-555B-FBF9-E3C3-1B249B5D5C39}\\ROOT\\INVENTORYAPPLICATIONFILE\\POWERSHELL.EXE|BD2E1475245F53A2\\ProductVersion'},0
registry:/registry/a/{5b245737-555b-fbf9-e3c3-1b249b5d5c39}/root/inventoryapplicationfile/powershell.exe|bd2e1475245f53a2/programid,{'file': '\\REGISTRY\\A\\{5B245737-555B-FBF9-E3C3-1B249B5D5C39}\\ROOT\\INVENTORYAPPLICATIONFILE\\POWERSHELL.EXE|BD2E1475245F53A2\\ProgramId'},0
registry:/registry/a/{5b245737-555b-fbf9-e3c3-1b249b5d5c39}/root/inventoryapplicationfile/powershell.exe|bd2e1475245f53a2/publisher,{'file': '\\REGISTRY\\A\\{5B245737-555B-FBF9-E3C3-1B249B5D5C39}\\ROOT\\INVENTORYAPPLICATIONFILE\\POWERSHELL.EXE|BD2E1475245F53A2\\Publisher'},0
registry:/registry/a/{5b245737-555b-fbf9-e3c3-1b249b5d5c39}/root/inventoryapplicationfile/powershell.exe|bd2e1475245f53a2/size,{'file': '\\REGISTRY\\A\\{5B245737-555B-FBF9-E3C3-1B249B5D5C39}\\ROOT\\INVENTORYAPPLICATIONFILE\\POWERSHELL.EXE|BD2E1475245F53A2\\Size'},0
registry:/registry/a/{5b245737-555b-fbf9-e3c3-1b249b5d5c39}/root/inventoryapplicationfile/powershell.exe|bd2e1475245f53a2/usn,{'file': '\\REGISTRY\\A\\{5B245737-555B-FBF9-E3C3-1B249B5D5C39}\\ROOT\\INVENTORYAPPLICATIONFILE\\POWERSHELL.EXE|BD2E1475245F53A2\\Usn'},0
registry:/registry/a/{5b245737-555b-fbf9-e3c3-1b249b5d5c39}/root/inventoryapplicationfile/powershell.exe|bd2e1475245f53a2/version,{'file': '\\REGISTRY\\A\\{5B245737-555B-FBF9-E3C3-1B249B5D5C39}\\ROOT\\INVENTORYAPPLICATIONFILE\\POWERSHELL.EXE|BD2E1475245F53A2\\Version'},0
registry:/registry/a/{5b245737-555b-fbf9-e3c3-1b249b5d5c39}/root/inventoryapplicationfile/permissionschecktestkey,{'file': '\\REGISTRY\\A\\{5b245737-555b-fbf9-e3c3-1b249b5d5c39}\\Root\\InventoryApplicationFile\\PermissionsCheckTestKey'},0
registry:/registry/machine/software/microsoft/rfc1156agent/currentversion/parameters/trappolltimemillisecs,{'file': '\\REGISTRY\\MACHINE\\SOFTWARE\\MICROSOFT\\RFC1156AGENT\\CURRENTVERSION\\PARAMETERS\\TrapPollTimeMilliSecs'},0
registry:/registry/machine/software/microsoft/rfc1156agent/currentversion/parameters,{'file': '\\REGISTRY\\MACHINE\\SOFTWARE\\MICROSOFT\\RFC1156AGENT\\CURRENTVERSION\\Parameters'},0
registry:/registry/machine/software/microsoft/rfc1156agent/currentversion,{'file': '\\REGISTRY\\MACHINE\\SOFTWARE\\MICROSOFT\\RFC1156AGENT\\CurrentVersion'},0
registry:/registry/machine/software/microsoft/windowsselfhost/fids/byfid,{'file': '\\REGISTRY\\MACHINE\\SOFTWARE\\Microsoft\\WindowsSelfHost\\FIDs\\ByFID'},0
registry:/registry/machine/software/microsoft/windowsselfhost/fids/unknown,{'file': '\\REGISTRY\\MACHINE\\SOFTWARE\\Microsoft\\WindowsSelfHost\\FIDs\\Unknown'},0
registry:/registry/machine/system/controlset001/services/bam/state/usersettings/s-1-5-21-319363115-539993444-1518226044-1001//device/harddiskvolume3/windows/system32/windowspowershell/v1.0/powershell.exe,{'file': '\\REGISTRY\\MACHINE\\SYSTEM\\ControlSet001\\Services\\bam\\State\\UserSettings\\S-1-5-21-319363115-539993444-1518226044-1001\\\\Device\\HarddiskVolume3\\Windows\\System32\\WindowsPowerShell\\v1.0\\powershell.exe'},0
registry:/registry/machine/system/controlset001/services/bam/state/usersettings/s-1-5-21-319363115-539993444-1518226044-1001//device/harddiskvolume3/windows/system32/cmd.exe,{'file': '\\REGISTRY\\MACHINE\\SYSTEM\\ControlSet001\\Services\\bam\\State\\UserSettings\\S-1-5-21-319363115-539993444-1518226044-1001\\\\Device\\HarddiskVolume3\\Windows\\System32\\cmd.exe'},0
"registry:/registry/user/s-1-5-21-319363115-539993444-1518226044-1001_classes/local settings/muicache/6/52c64b7e/@tzres.dll,-1021","{'file': '\\REGISTRY\\USER\\S-1-5-21-319363115-539993444-1518226044-1001_Classes\\Local Settings\\MuiCache\\6\\52C64B7E\\@tzres.dll,-1021'}",0
"registry:/registry/user/s-1-5-21-319363115-539993444-1518226044-1001_classes/local settings/muicache/6/52c64b7e/@tzres.dll,-1022","{'file': '\\REGISTRY\\USER\\S-1-5-21-319363115-539993444-1518226044-1001_Classes\\Local Settings\\MuiCache\\6\\52C64B7E\\@tzres.dll,-1022'}",0
"registry:/registry/user/s-1-5-21-319363115-539993444-1518226044-1001_classes/local settings/muicache/6/52c64b7e/@tzres.dll,-104","{'file': '\\REGISTRY\\USER\\S-1-5-21-319363115-539993444-1518226044-1001_Classes\\Local Settings\\MuiCache\\6\\52C64B7E\\@tzres.dll,-104'}",0
"registry:/registry/user/s-1-5-21-319363115-539993444-1518226044-1001_classes/local settings/muicache/6/52c64b7e/@tzres.dll,-1041","{'file': '\\REGISTRY\\USER\\S-1-5-21-319363115-539993444-1518226044-1001_Classes\\Local Settings\\MuiCache\\6\\52C64B7E\\@tzres.dll,-1041'}",0
"registry:/registry/user/s-1-5-21-319363115-539993444-1518226044-1001_classes/local settings/muicache/6/52c64b7e/@tzres.dll,-1042","{'file': '\\REGISTRY\\USER\\S-1-5-21-319363115-539993444-1518226044-1001_Classes\\Local Settings\\MuiCache\\6\\52C64B7E\\@tzres.dll,-1042'}",0
"registry:/registry/user/s-1-5-21-319363115-539993444-1518226044-1001_classes/local settings/muicache/6/52c64b7e/@tzres.dll,-105","{'file': '\\REGISTRY\\USER\\S-1-5-21-319363115-539993444-1518226044-1001_Classes\\Local Settings\\MuiCache\\6\\52C64B7E\\@tzres.dll,-105'}",0
"registry:/registry/user/s-1-5-21-319363115-539993444-1518226044-1001_classes/local settings/muicache/6/52c64b7e/@tzres.dll,-11","{'file': '\\REGISTRY\\USER\\S-1-5-21-319363115-539993444-1518226044-1001_Classes\\Local Settings\\MuiCache\\6\\52C64B7E\\@tzres.dll,-11'}",0
"registry:/registry/user/s-1-5-21-319363115-539993444-1518226044-1001_classes/local settings/muicache/6/52c64b7e/@tzres.dll,-111","{'file': '\\REGISTRY\\USER\\S-1-5-21-319363115-539993444-1518226044-1001_Classes\\Local Settings\\MuiCache\\6\\52C64B7E\\@tzres.dll,-111'}",0
"registry:/registry/user/s-1-5-21-319363115-539993444-1518226044-1001_classes/local settings/muicache/6/52c64b7e/@tzres.dll,-112","{'file': '\\REGISTRY\\USER\\S-1-5-21-319363115-539993444-1518226044-1001_Classes\\Local Settings\\MuiCache\\6\\52C64B7E\\@tzres.dll,-112'}",0
"registry:/registry/user/s-1-5-21-319363115-539993444-1518226044-1001_classes/local settings/muicache/6/52c64b7e/@tzres.dll,-12","{'file': '\\REGISTRY\\USER\\S-1-5-21-319363115-539993444-1518226044-1001_Classes\\Local Settings\\MuiCache\\6\\52C64B7E\\@tzres.dll,-12'}",0
"registry:/registry/user/s-1-5-21-319363115-539993444-1518226044-1001_classes/local settings/muicache/6/52c64b7e/@tzres.dll,-121","{'file': '\\REGISTRY\\USER\\S-1-5-21-319363115-539993444-1518226044-1001_Classes\\Local Settings\\MuiCache\\6\\52C64B7E\\@tzres.dll,-121'}",0
"registry:/registry/user/s-1-5-21-319363115-539993444-1518226044-1001_classes/local settings/muicache/6/52c64b7e/@tzres.dll,-122","{'file': '\\REGISTRY\\USER\\S-1-5-21-319363115-539993444-1518226044-1001_Classes\\Local Settings\\MuiCache\\6\\52C64B7E\\@tzres.dll,-122'}",0
"registry:/registry/user/s-1-5-21-319363115-539993444-1518226044-1001_classes/local settings/muicache/6/52c64b7e/@tzres.dll,-131","{'file': '\\REGISTRY\\USER\\S-1-5-21-319363115-539993444-1518226044-1001_Classes\\Local Settings\\MuiCache\\6\\52C64B7E\\@tzres.dll,-131'}",0
"registry:/registry/user/s-1-5-21-319363115-539993444-1518226044-1001_classes/local settings/muicache/6/52c64b7e/@tzres.dll,-132","{'file': '\\REGISTRY\\USER\\S-1-5-21-319363115-539993444-1518226044-1001_Classes\\Local Settings\\MuiCache\\6\\52C64B7E\\@tzres.dll,-132'}",0
"registry:/registry/user/s-1-5-21-319363115-539993444-1518226044-1001_classes/local settings/muicache/6/52c64b7e/@tzres.dll,-141","{'file': '\\REGISTRY\\USER\\S-1-5-21-319363115-539993444-1518226044-1001_Classes\\Local Settings\\MuiCache\\6\\52C64B7E\\@tzres.dll,-141'}",0
"registry:/registry/user/s-1-5-21-319363115-539993444-1518226044-1001_classes/local settings/muicache/6/52c64b7e/@tzres.dll,-1411","{'file': '\\REGISTRY\\USER\\S-1-5-21-319363115-539993444-1518226044-1001_Classes\\Local Settings\\MuiCache\\6\\52C64B7E\\@tzres.dll,-1411'}",0
"registry:/registry/user/s-1-5-21-319363115-539993444-1518226044-1001_classes/local settings/muicache/6/52c64b7e/@tzres.dll,-1412","{'file': '\\REGISTRY\\USER\\S-1-5-21-319363115-539993444-1518226044-1001_Classes\\Local Settings\\MuiCache\\6\\52C64B7E\\@tzres.dll,-1412'}",0
"registry:/registry/user/s-1-5-21-319363115-539993444-1518226044-1001_classes/local settings/muicache/6/52c64b7e/@tzres.dll,-142","{'file': '\\REGISTRY\\USER\\S-1-5-21-319363115-539993444-1518226044-1001_Classes\\Local Settings\\MuiCache\\6\\52C64B7E\\@tzres.dll,-142'}",0
"registry:/registry/user/s-1-5-21-319363115-539993444-1518226044-1001_classes/local settings/muicache/6/52c64b7e/@tzres.dll,-1471","{'file': '\\REGISTRY\\USER\\S-1-5-21-319363115-539993444-1518226044-1001_Classes\\Local Settings\\MuiCache\\6\\52C64B7E\\@tzres.dll,-1471'}",0
"registry:/registry/user/s-1-5-21-319363115-539993444-1518226044-1001_classes/local settings/muicache/6/52c64b7e/@tzres.dll,-1472","{'file': '\\REGISTRY\\USER\\S-1-5-21-319363115-539993444-1518226044-1001_Classes\\Local Settings\\MuiCache\\6\\52C64B7E\\@tzres.dll,-1472'}",0
"registry:/registry/user/s-1-5-21-319363115-539993444-1518226044-1001_classes/local settings/muicache/6/52c64b7e/@tzres.dll,-1501","{'file': '\\REGISTRY\\USER\\S-1-5-21-319363115-539993444-1518226044-1001_Classes\\Local Settings\\MuiCache\\6\\52C64B7E\\@tzres.dll,-1501'}",0
"registry:/registry/user/s-1-5-21-319363115-539993444-1518226044-1001_classes/local settings/muicache/6/52c64b7e/@tzres.dll,-1502","{'file': '\\REGISTRY\\USER\\S-1-5-21-319363115-539993444-1518226044-1001_Classes\\Local Settings\\MuiCache\\6\\52C64B7E\\@tzres.dll,-1502'}",0
"registry:/registry/user/s-1-5-21-319363115-539993444-1518226044-1001_classes/local settings/muicache/6/52c64b7e/@tzres.dll,-151","{'file': '\\REGISTRY\\USER\\S-1-5-21-319363115-539993444-1518226044-1001_Classes\\Local Settings\\MuiCache\\6\\52C64B7E\\@tzres.dll,-151'}",0
"registry:/registry/user/s-1-5-21-319363115-539993444-1518226044-1001_classes/local settings/muicache/6/52c64b7e/@tzres.dll,-152","{'file': '\\REGISTRY\\USER\\S-1-5-21-319363115-539993444-1518226044-1001_Classes\\Local Settings\\MuiCache\\6\\52C64B7E\\@tzres.dll,-152'}",0
"registry:/registry/user/s-1-5-21-319363115-539993444-1518226044-1001_classes/local settings/muicache/6/52c64b7e/@tzres.dll,-161","{'file': '\\REGISTRY\\USER\\S-1-5-21-319363115-539993444-1518226044-1001_Classes\\Local Settings\\MuiCache\\6\\52C64B7E\\@tzres.dll,-161'}",0
"registry:/registry/user/s-1-5-21-319363115-539993444-1518226044-1001_classes/local settings/muicache/6/52c64b7e/@tzres.dll,-162","{'file': '\\REGISTRY\\USER\\S-1-5-21-319363115-539993444-1518226044-1001_Classes\\Local Settings\\MuiCache\\6\\52C64B7E\\@tzres.dll,-162'}",0
"registry:/registry/user/s-1-5-21-319363115-539993444-1518226044-1001_classes/local settings/muicache/6/52c64b7e/@tzres.dll,-1661","{'file': '\\REGISTRY\\USER\\S-1-5-21-319363115-539993444-1518226044-1001_Classes\\Local Settings\\MuiCache\\6\\52C64B7E\\@tzres.dll,-1661'}",0
"registry:/registry/user/s-1-5-21-319363115-539993444-1518226044-1001_classes/local settings/muicache/6/52c64b7e/@tzres.dll,-1662","{'file': '\\REGISTRY\\USER\\S-1-5-21-319363115-539993444-1518226044-1001_Classes\\Local Settings\\MuiCache\\6\\52C64B7E\\@tzres.dll,-1662'}",0
"registry:/registry/user/s-1-5-21-319363115-539993444-1518226044-1001_classes/local settings/muicache/6/52c64b7e/@tzres.dll,-171","{'file': '\\REGISTRY\\USER\\S-1-5-21-319363115-539993444-1518226044-1001_Classes\\Local Settings\\MuiCache\\6\\52C64B7E\\@tzres.dll,-171'}",0
"registry:/registry/user/s-1-5-21-319363115-539993444-1518226044-1001_classes/local settings/muicache/6/52c64b7e/@tzres.dll,-172","{'file': '\\REGISTRY\\USER\\S-1-5-21-319363115-539993444-1518226044-1001_Classes\\Local Settings\\MuiCache\\6\\52C64B7E\\@tzres.dll,-172'}",0
"registry:/registry/user/s-1-5-21-319363115-539993444-1518226044-1001_classes/local settings/muicache/6/52c64b7e/@tzres.dll,-1721","{'file': '\\REGISTRY\\USER\\S-1-5-21-319363115-539993444-1518226044-1001_Classes\\Local Settings\\MuiCache\\6\\52C64B7E\\@tzres.dll,-1721'}",0
"registry:/registry/user/s-1-5-21-319363115-539993444-1518226044-1001_classes/local settings/muicache/6/52c64b7e/@tzres.dll,-1722","{'file': '\\REGISTRY\\USER\\S-1-5-21-319363115-539993444-1518226044-1001_Classes\\Local Settings\\MuiCache\\6\\52C64B7E\\@tzres.dll,-1722'}",0
"registry:/registry/user/s-1-5-21-319363115-539993444-1518226044-1001_classes/local settings/muicache/6/52c64b7e/@tzres.dll,-1801","{'file': '\\REGISTRY\\USER\\S-1-5-21-319363115-539993444-1518226044-1001_Classes\\Local Settings\\MuiCache\\6\\52C64B7E\\@tzres.dll,-1801'}",0
"registry:/registry/user/s-1-5-21-319363115-539993444-1518226044-1001_classes/local settings/muicache/6/52c64b7e/@tzres.dll,-1802","{'file': '\\REGISTRY\\USER\\S-1-5-21-319363115-539993444-1518226044-1001_Classes\\Local Settings\\MuiCache\\6\\52C64B7E\\@tzres.dll,-1802'}",0
"registry:/registry/user/s-1-5-21-319363115-539993444-1518226044-1001_classes/local settings/muicache/6/52c64b7e/@tzres.dll,-181","{'file': '\\REGISTRY\\USER\\S-1-5-21-319363115-539993444-1518226044-1001_Classes\\Local Settings\\MuiCache\\6\\52C64B7E\\@tzres.dll,-181'}",0
"registry:/registry/user/s-1-5-21-319363115-539993444-1518226044-1001_classes/local settings/muicache/6/52c64b7e/@tzres.dll,-182","{'file': '\\REGISTRY\\USER\\S-1-5-21-319363115-539993444-1518226044-1001_Classes\\Local Settings\\MuiCache\\6\\52C64B7E\\@tzres.dll,-182'}",0
"registry:/registry/user/s-1-5-21-319363115-539993444-1518226044-1001_classes/local settings/muicache/6/52c64b7e/@tzres.dll,-1821","{'file': '\\REGISTRY\\USER\\S-1-5-21-319363115-539993444-1518226044-1001_Classes\\Local Settings\\MuiCache\\6\\52C64B7E\\@tzres.dll,-1821'}",0
"registry:/registry/user/s-1-5-21-319363115-539993444-1518226044-1001_classes/local settings/muicache/6/52c64b7e/@tzres.dll,-1822","{'file': '\\REGISTRY\\USER\\S-1-5-21-319363115-539993444-1518226044-1001_Classes\\Local Settings\\MuiCache\\6\\52C64B7E\\@tzres.dll,-1822'}",0
"registry:/registry/user/s-1-5-21-319363115-539993444-1518226044-1001_classes/local settings/muicache/6/52c64b7e/@tzres.dll,-1831","{'file': '\\REGISTRY\\USER\\S-1-5-21-319363115-539993444-1518226044-1001_Classes\\Local Settings\\MuiCache\\6\\52C64B7E\\@tzres.dll,-1831'}",0
"registry:/registry/user/s-1-5-21-319363115-539993444-1518226044-1001_classes/local settings/muicache/6/52c64b7e/@tzres.dll,-1832","{'file': '\\REGISTRY\\USER\\S-1-5-21-319363115-539993444-1518226044-1001_Classes\\Local Settings\\MuiCache\\6\\52C64B7E\\@tzres.dll,-1832'}",0
"registry:/registry/user/s-1-5-21-319363115-539993444-1518226044-1001_classes/local settings/muicache/6/52c64b7e/@tzres.dll,-1841","{'file': '\\REGISTRY\\USER\\S-1-5-21-319363115-539993444-1518226044-1001_Classes\\Local Settings\\MuiCache\\6\\52C64B7E\\@tzres.dll,-1841'}",0
"registry:/registry/user/s-1-5-21-319363115-539993444-1518226044-1001_classes/local settings/muicache/6/52c64b7e/@tzres.dll,-1842","{'file': '\\REGISTRY\\USER\\S-1-5-21-319363115-539993444-1518226044-1001_Classes\\Local Settings\\MuiCache\\6\\52C64B7E\\@tzres.dll,-1842'}",0
"registry:/registry/user/s-1-5-21-319363115-539993444-1518226044-1001_classes/local settings/muicache/6/52c64b7e/@tzres.dll,-1861","{'file': '\\REGISTRY\\USER\\S-1-5-21-319363115-539993444-1518226044-1001_Classes\\Local Settings\\MuiCache\\6\\52C64B7E\\@tzres.dll,-1861'}",0
"registry:/registry/user/s-1-5-21-319363115-539993444-1518226044-1001_classes/local settings/muicache/6/52c64b7e/@tzres.dll,-1862","{'file': '\\REGISTRY\\USER\\S-1-5-21-319363115-539993444-1518226044-1001_Classes\\Local Settings\\MuiCache\\6\\52C64B7E\\@tzres.dll,-1862'}",0
"registry:/registry/user/s-1-5-21-319363115-539993444-1518226044-1001_classes/local settings/muicache/6/52c64b7e/@tzres.dll,-1871","{'file': '\\REGISTRY\\USER\\S-1-5-21-319363115-539993444-1518226044-1001_Classes\\Local Settings\\MuiCache\\6\\52C64B7E\\@tzres.dll,-1871'}",0
"registry:/registry/user/s-1-5-21-319363115-539993444-1518226044-1001_classes/local settings/muicache/6/52c64b7e/@tzres.dll,-1872","{'file': '\\REGISTRY\\USER\\S-1-5-21-319363115-539993444-1518226044-1001_Classes\\Local Settings\\MuiCache\\6\\52C64B7E\\@tzres.dll,-1872'}",0
"registry:/registry/user/s-1-5-21-319363115-539993444-1518226044-1001_classes/local settings/muicache/6/52c64b7e/@tzres.dll,-1891","{'file': '\\REGISTRY\\USER\\S-1-5-21-319363115-539993444-1518226044-1001_Classes\\Local Settings\\MuiCache\\6\\52C64B7E\\@tzres.dll,-1891'}",0
"registry:/registry/user/s-1-5-21-319363115-539993444-1518226044-1001_classes/local settings/muicache/6/52c64b7e/@tzres.dll,-1892","{'file': '\\REGISTRY\\USER\\S-1-5-21-319363115-539993444-1518226044-1001_Classes\\Local Settings\\MuiCache\\6\\52C64B7E\\@tzres.dll,-1892'}",0
"registry:/registry/user/s-1-5-21-319363115-539993444-1518226044-1001_classes/local settings/muicache/6/52c64b7e/@tzres.dll,-191","{'file': '\\REGISTRY\\USER\\S-1-5-21-319363115-539993444-1518226044-1001_Classes\\Local Settings\\MuiCache\\6\\52C64B7E\\@tzres.dll,-191'}",0
"registry:/registry/user/s-1-5-21-319363115-539993444-1518226044-1001_classes/local settings/muicache/6/52c64b7e/@tzres.dll,-1911","{'file': '\\REGISTRY\\USER\\S-1-5-21-319363115-539993444-1518226044-1001_Classes\\Local Settings\\MuiCache\\6\\52C64B7E\\@tzres.dll,-1911'}",0
"registry:/registry/user/s-1-5-21-319363115-539993444-1518226044-1001_classes/local settings/muicache/6/52c64b7e/@tzres.dll,-1912","{'file': '\\REGISTRY\\USER\\S-1-5-21-319363115-539993444-1518226044-1001_Classes\\Local Settings\\MuiCache\\6\\52C64B7E\\@tzres.dll,-1912'}",0
"registry:/registry/user/s-1-5-21-319363115-539993444-1518226044-1001_classes/local settings/muicache/6/52c64b7e/@tzres.dll,-192","{'file': '\\REGISTRY\\USER\\S-1-5-21-319363115-539993444-1518226044-1001_Classes\\Local Settings\\MuiCache\\6\\52C64B7E\\@tzres.dll,-192'}",0
"registry:/registry/user/s-1-5-21-319363115-539993444-1518226044-1001_classes/local settings/muicache/6/52c64b7e/@tzres.dll,-1931","{'file': '\\REGISTRY\\USER\\S-1-5-21-319363115-539993444-1518226044-1001_Classes\\Local Settings\\MuiCache\\6\\52C64B7E\\@tzres.dll,-1931'}",0
"registry:/registry/user/s-1-5-21-319363115-539993444-1518226044-1001_classes/local settings/muicache/6/52c64b7e/@tzres.dll,-1932","{'file': '\\REGISTRY\\USER\\S-1-5-21-319363115-539993444-1518226044-1001_Classes\\Local Settings\\MuiCache\\6\\52C64B7E\\@tzres.dll,-1932'}",0
"registry:/registry/user/s-1-5-21-319363115-539993444-1518226044-1001_classes/local settings/muicache/6/52c64b7e/@tzres.dll,-1971","{'file': '\\REGISTRY\\USER\\S-1-5-21-319363115-539993444-1518226044-1001_Classes\\Local Settings\\MuiCache\\6\\52C64B7E\\@tzres.dll,-1971'}",0
"registry:/registry/user/s-1-5-21-319363115-539993444-1518226044-1001_classes/local settings/muicache/6/52c64b7e/@tzres.dll,-1972","{'file': '\\REGISTRY\\USER\\S-1-5-21-319363115-539993444-1518226044-1001_Classes\\Local Settings\\MuiCache\\6\\52C64B7E\\@tzres.dll,-1972'}",0
"registry:/registry/user/s-1-5-21-319363115-539993444-1518226044-1001_classes/local settings/muicache/6/52c64b7e/@tzres.dll,-2001","{'file': '\\REGISTRY\\USER\\S-1-5-21-319363115-539993444-1518226044-1001_Classes\\Local Settings\\MuiCache\\6\\52C64B7E\\@tzres.dll,-2001'}",0
"registry:/registry/user/s-1-5-21-319363115-539993444-1518226044-1001_classes/local settings/muicache/6/52c64b7e/@tzres.dll,-2002","{'file': '\\REGISTRY\\USER\\S-1-5-21-319363115-539993444-1518226044-1001_Classes\\Local Settings\\MuiCache\\6\\52C64B7E\\@tzres.dll,-2002'}",0
"registry:/registry/user/s-1-5-21-319363115-539993444-1518226044-1001_classes/local settings/muicache/6/52c64b7e/@tzres.dll,-201","{'file': '\\REGISTRY\\USER\\S-1-5-21-319363115-539993444-1518226044-1001_Classes\\Local Settings\\MuiCache\\6\\52C64B7E\\@tzres.dll,-201'}",0
"registry:/registry/user/s-1-5-21-319363115-539993444-1518226044-1001_classes/local settings/muicache/6/52c64b7e/@tzres.dll,-202","{'file': '\\REGISTRY\\USER\\S-1-5-21-319363115-539993444-1518226044-1001_Classes\\Local Settings\\MuiCache\\6\\52C64B7E\\@tzres.dll,-202'}",0
"registry:/registry/user/s-1-5-21-319363115-539993444-1518226044-1001_classes/local settings/muicache/6/52c64b7e/@tzres.dll,-2041","{'file': '\\REGISTRY\\USER\\S-1-5-21-319363115-539993444-1518226044-1001_Classes\\Local Settings\\MuiCache\\6\\52C64B7E\\@tzres.dll,-2041'}",0
"registry:/registry/user/s-1-5-21-319363115-539993444-1518226044-1001_classes/local settings/muicache/6/52c64b7e/@tzres.dll,-2042","{'file': '\\REGISTRY\\USER\\S-1-5-21-319363115-539993444-1518226044-1001_Classes\\Local Settings\\MuiCache\\6\\52C64B7E\\@tzres.dll,-2042'}",0
"registry:/registry/user/s-1-5-21-319363115-539993444-1518226044-1001_classes/local settings/muicache/6/52c64b7e/@tzres.dll,-2061","{'file': '\\REGISTRY\\USER\\S-1-5-21-319363115-539993444-1518226044-1001_Classes\\Local Settings\\MuiCache\\6\\52C64B7E\\@tzres.dll,-2061'}",0
"registry:/registry/user/s-1-5-21-319363115-539993444-1518226044-1001_classes/local settings/muicache/6/52c64b7e/@tzres.dll,-2062","{'file': '\\REGISTRY\\USER\\S-1-5-21-319363115-539993444-1518226044-1001_Classes\\Local Settings\\MuiCache\\6\\52C64B7E\\@tzres.dll,-2062'}",0
"registry:/registry/user/s-1-5-21-319363115-539993444-1518226044-1001_classes/local settings/muicache/6/52c64b7e/@tzres.dll,-211","{'file': '\\REGISTRY\\USER\\S-1-5-21-319363115-539993444-1518226044-1001_Classes\\Local Settings\\MuiCache\\6\\52C64B7E\\@tzres.dll,-211'}",0
"registry:/registry/user/s-1-5-21-319363115-539993444-1518226044-1001_classes/local settings/muicache/6/52c64b7e/@tzres.dll,-212","{'file': '\\REGISTRY\\USER\\S-1-5-21-319363115-539993444-1518226044-1001_Classes\\Local Settings\\MuiCache\\6\\52C64B7E\\@tzres.dll,-212'}",0
"registry:/registry/user/s-1-5-21-319363115-539993444-1518226044-1001_classes/local settings/muicache/6/52c64b7e/@tzres.dll,-214","{'file': '\\REGISTRY\\USER\\S-1-5-21-319363115-539993444-1518226044-1001_Classes\\Local Settings\\MuiCache\\6\\52C64B7E\\@tzres.dll,-214'}",0
"registry:/registry/user/s-1-5-21-319363115-539993444-1518226044-1001_classes/local settings/muicache/6/52c64b7e/@tzres.dll,-2141","{'file': '\\REGISTRY\\USER\\S-1-5-21-319363115-539993444-1518226044-1001_Classes\\Local Settings\\MuiCache\\6\\52C64B7E\\@tzres.dll,-2141'}",0
"registry:/registry/user/s-1-5-21-319363115-539993444-1518226044-1001_classes/local settings/muicache/6/52c64b7e/@tzres.dll,-2142","{'file': '\\REGISTRY\\USER\\S-1-5-21-319363115-539993444-1518226044-1001_Classes\\Local Settings\\MuiCache\\6\\52C64B7E\\@tzres.dll,-2142'}",0
"registry:/registry/user/s-1-5-21-319363115-539993444-1518226044-1001_classes/local settings/muicache/6/52c64b7e/@tzres.dll,-215","{'file': '\\REGISTRY\\USER\\S-1-5-21-319363115-539993444-1518226044-1001_Classes\\Local Settings\\MuiCache\\6\\52C64B7E\\@tzres.dll,-215'}",0
"registry:/registry/user/s-1-5-21-319363115-539993444-1518226044-1001_classes/local settings/muicache/6/52c64b7e/@tzres.dll,-2161","{'file': '\\REGISTRY\\USER\\S-1-5-21-319363115-539993444-1518226044-1001_Classes\\Local Settings\\MuiCache\\6\\52C64B7E\\@tzres.dll,-2161'}",0
"registry:/registry/user/s-1-5-21-319363115-539993444-1518226044-1001_classes/local settings/muicache/6/52c64b7e/@tzres.dll,-2162","{'file': '\\REGISTRY\\USER\\S-1-5-21-319363115-539993444-1518226044-1001_Classes\\Local Settings\\MuiCache\\6\\52C64B7E\\@tzres.dll,-2162'}",0
"registry:/registry/user/s-1-5-21-319363115-539993444-1518226044-1001_classes/local settings/muicache/6/52c64b7e/@tzres.dll,-2181","{'file': '\\REGISTRY\\USER\\S-1-5-21-319363115-539993444-1518226044-1001_Classes\\Local Settings\\MuiCache\\6\\52C64B7E\\@tzres.dll,-2181'}",0
"registry:/registry/user/s-1-5-21-319363115-539993444-1518226044-1001_classes/local settings/muicache/6/52c64b7e/@tzres.dll,-2182","{'file': '\\REGISTRY\\USER\\S-1-5-21-319363115-539993444-1518226044-1001_Classes\\Local Settings\\MuiCache\\6\\52C64B7E\\@tzres.dll,-2182'}",0
"registry:/registry/user/s-1-5-21-319363115-539993444-1518226044-1001_classes/local settings/muicache/6/52c64b7e/@tzres.dll,-221","{'file': '\\REGISTRY\\USER\\S-1-5-21-319363115-539993444-1518226044-1001_Classes\\Local Settings\\MuiCache\\6\\52C64B7E\\@tzres.dll,-221'}",0
"registry:/registry/user/s-1-5-21-319363115-539993444-1518226044-1001_classes/local settings/muicache/6/52c64b7e/@tzres.dll,-222","{'file': '\\REGISTRY\\USER\\S-1-5-21-319363115-539993444-1518226044-1001_Classes\\Local Settings\\MuiCache\\6\\52C64B7E\\@tzres.dll,-222'}",0
"registry:/registry/user/s-1-5-21-319363115-539993444-1518226044-1001_classes/local settings/muicache/6/52c64b7e/@tzres.dll,-231","{'file': '\\REGISTRY\\USER\\S-1-5-21-319363115-539993444-1518226044-1001_Classes\\Local Settings\\MuiCache\\6\\52C64B7E\\@tzres.dll,-231'}",0
"registry:/registry/user/s-1-5-21-319363115-539993444-1518226044-1001_classes/local settings/muicache/6/52c64b7e/@tzres.dll,-232","{'file': '\\REGISTRY\\USER\\S-1-5-21-319363115-539993444-1518226044-1001_Classes\\Local Settings\\MuiCache\\6\\52C64B7E\\@tzres.dll,-232'}",0
"registry:/registry/user/s-1-5-21-319363115-539993444-1518226044-1001_classes/local settings/muicache/6/52c64b7e/@tzres.dll,-2321","{'file': '\\REGISTRY\\USER\\S-1-5-21-319363115-539993444-1518226044-1001_Classes\\Local Settings\\MuiCache\\6\\52C64B7E\\@tzres.dll,-2321'}",0
"registry:/registry/user/s-1-5-21-319363115-539993444-1518226044-1001_classes/local settings/muicache/6/52c64b7e/@tzres.dll,-2322","{'file': '\\REGISTRY\\USER\\S-1-5-21-319363115-539993444-1518226044-1001_Classes\\Local Settings\\MuiCache\\6\\52C64B7E\\@tzres.dll,-2322'}",0
"registry:/registry/user/s-1-5-21-319363115-539993444-1518226044-1001_classes/local settings/muicache/6/52c64b7e/@tzres.dll,-2341","{'file': '\\REGISTRY\\USER\\S-1-5-21-319363115-539993444-1518226044-1001_Classes\\Local Settings\\MuiCache\\6\\52C64B7E\\@tzres.dll,-2341'}",0
"registry:/registry/user/s-1-5-21-319363115-539993444-1518226044-1001_classes/local settings/muicache/6/52c64b7e/@tzres.dll,-2342","{'file': '\\REGISTRY\\USER\\S-1-5-21-319363115-539993444-1518226044-1001_Classes\\Local Settings\\MuiCache\\6\\52C64B7E\\@tzres.dll,-2342'}",0
"registry:/registry/user/s-1-5-21-319363115-539993444-1518226044-1001_classes/local settings/muicache/6/52c64b7e/@tzres.dll,-2371","{'file': '\\REGISTRY\\USER\\S-1-5-21-319363115-539993444-1518226044-1001_Classes\\Local Settings\\MuiCache\\6\\52C64B7E\\@tzres.dll,-2371'}",0
"registry:/registry/user/s-1-5-21-319363115-539993444-1518226044-1001_classes/local settings/muicache/6/52c64b7e/@tzres.dll,-2372","{'file': '\\REGISTRY\\USER\\S-1-5-21-319363115-539993444-1518226044-1001_Classes\\Local Settings\\MuiCache\\6\\52C64B7E\\@tzres.dll,-2372'}",0
"registry:/registry/user/s-1-5-21-319363115-539993444-1518226044-1001_classes/local settings/muicache/6/52c64b7e/@tzres.dll,-2391","{'file': '\\REGISTRY\\USER\\S-1-5-21-319363115-539993444-1518226044-1001_Classes\\Local Settings\\MuiCache\\6\\52C64B7E\\@tzres.dll,-2391'}",0
"registry:/registry/user/s-1-5-21-319363115-539993444-1518226044-1001_classes/local settings/muicache/6/52c64b7e/@tzres.dll,-2392","{'file': '\\REGISTRY\\USER\\S-1-5-21-319363115-539993444-1518226044-1001_Classes\\Local Settings\\MuiCache\\6\\52C64B7E\\@tzres.dll,-2392'}",0
"registry:/registry/user/s-1-5-21-319363115-539993444-1518226044-1001_classes/local settings/muicache/6/52c64b7e/@tzres.dll,-241","{'file': '\\REGISTRY\\USER\\S-1-5-21-319363115-539993444-1518226044-1001_Classes\\Local Settings\\MuiCache\\6\\52C64B7E\\@tzres.dll,-241'}",0
"registry:/registry/user/s-1-5-21-319363115-539993444-1518226044-1001_classes/local settings/muicache/6/52c64b7e/@tzres.dll,-2411","{'file': '\\REGISTRY\\USER\\S-1-5-21-319363115-539993444-1518226044-1001_Classes\\Local Settings\\MuiCache\\6\\52C64B7E\\@tzres.dll,-2411'}",0
"registry:/registry/user/s-1-5-21-319363115-539993444-1518226044-1001_classes/local settings/muicache/6/52c64b7e/@tzres.dll,-2412","{'file': '\\REGISTRY\\USER\\S-1-5-21-319363115-539993444-1518226044-1001_Classes\\Local Settings\\MuiCache\\6\\52C64B7E\\@tzres.dll,-2412'}",0
"registry:/registry/user/s-1-5-21-319363115-539993444-1518226044-1001_classes/local settings/muicache/6/52c64b7e/@tzres.dll,-242","{'file': '\\REGISTRY\\USER\\S-1-5-21-319363115-539993444-1518226044-1001_Classes\\Local Settings\\MuiCache\\6\\52C64B7E\\@tzres.dll,-242'}",0
"registry:/registry/user/s-1-5-21-319363115-539993444-1518226044-1001_classes/local settings/muicache/6/52c64b7e/@tzres.dll,-2431","{'file': '\\REGISTRY\\USER\\S-1-5-21-319363115-539993444-1518226044-1001_Classes\\Local Settings\\MuiCache\\6\\52C64B7E\\@tzres.dll,-2431'}",0
"registry:/registry/user/s-1-5-21-319363115-539993444-1518226044-1001_classes/local settings/muicache/6/52c64b7e/@tzres.dll,-2432","{'file': '\\REGISTRY\\USER\\S-1-5-21-319363115-539993444-1518226044-1001_Classes\\Local Settings\\MuiCache\\6\\52C64B7E\\@tzres.dll,-2432'}",0
"registry:/registry/user/s-1-5-21-319363115-539993444-1518226044-1001_classes/local settings/muicache/6/52c64b7e/@tzres.dll,-2451","{'file': '\\REGISTRY\\USER\\S-1-5-21-319363115-539993444-1518226044-1001_Classes\\Local Settings\\MuiCache\\6\\52C64B7E\\@tzres.dll,-2451'}",0
"registry:/registry/user/s-1-5-21-319363115-539993444-1518226044-1001_classes/local settings/muicache/6/52c64b7e/@tzres.dll,-2452","{'file': '\\REGISTRY\\USER\\S-1-5-21-319363115-539993444-1518226044-1001_Classes\\Local Settings\\MuiCache\\6\\52C64B7E\\@tzres.dll,-2452'}",0
"registry:/registry/user/s-1-5-21-319363115-539993444-1518226044-1001_classes/local settings/muicache/6/52c64b7e/@tzres.dll,-2491","{'file': '\\REGISTRY\\USER\\S-1-5-21-319363115-539993444-1518226044-1001_Classes\\Local Settings\\MuiCache\\6\\52C64B7E\\@tzres.dll,-2491'}",0
"registry:/registry/user/s-1-5-21-319363115-539993444-1518226044-1001_classes/local settings/muicache/6/52c64b7e/@tzres.dll,-2492","{'file': '\\REGISTRY\\USER\\S-1-5-21-319363115-539993444-1518226044-1001_Classes\\Local Settings\\MuiCache\\6\\52C64B7E\\@tzres.dll,-2492'}",0
"registry:/registry/user/s-1-5-21-319363115-539993444-1518226044-1001_classes/local settings/muicache/6/52c64b7e/@tzres.dll,-251","{'file': '\\REGISTRY\\USER\\S-1-5-21-319363115-539993444-1518226044-1001_Classes\\Local Settings\\MuiCache\\6\\52C64B7E\\@tzres.dll,-251'}",0
"registry:/registry/user/s-1-5-21-319363115-539993444-1518226044-1001_classes/local settings/muicache/6/52c64b7e/@tzres.dll,-2511","{'file': '\\REGISTRY\\USER\\S-1-5-21-319363115-539993444-1518226044-1001_Classes\\Local Settings\\MuiCache\\6\\52C64B7E\\@tzres.dll,-2511'}",0
"registry:/registry/user/s-1-5-21-319363115-539993444-1518226044-1001_classes/local settings/muicache/6/52c64b7e/@tzres.dll,-2512","{'file': '\\REGISTRY\\USER\\S-1-5-21-319363115-539993444-1518226044-1001_Classes\\Local Settings\\MuiCache\\6\\52C64B7E\\@tzres.dll,-2512'}",0
"registry:/registry/user/s-1-5-21-319363115-539993444-1518226044-1001_classes/local settings/muicache/6/52c64b7e/@tzres.dll,-252","{'file': '\\REGISTRY\\USER\\S-1-5-21-319363115-539993444-1518226044-1001_Classes\\Local Settings\\MuiCache\\6\\52C64B7E\\@tzres.dll,-252'}",0
"registry:/registry/user/s-1-5-21-319363115-539993444-1518226044-1001_classes/local settings/muicache/6/52c64b7e/@tzres.dll,-2531","{'file': '\\REGISTRY\\USER\\S-1-5-21-319363115-539993444-1518226044-1001_Classes\\Local Settings\\MuiCache\\6\\52C64B7E\\@tzres.dll,-2531'}",0
"registry:/registry/user/s-1-5-21-319363115-539993444-1518226044-1001_classes/local settings/muicache/6/52c64b7e/@tzres.dll,-2532","{'file': '\\REGISTRY\\USER\\S-1-5-21-319363115-539993444-1518226044-1001_Classes\\Local Settings\\MuiCache\\6\\52C64B7E\\@tzres.dll,-2532'}",0
"registry:/registry/user/s-1-5-21-319363115-539993444-1518226044-1001_classes/local settings/muicache/6/52c64b7e/@tzres.dll,-2571","{'file': '\\REGISTRY\\USER\\S-1-5-21-319363115-539993444-1518226044-1001_Classes\\Local Settings\\MuiCache\\6\\52C64B7E\\@tzres.dll,-2571'}",0
"registry:/registry/user/s-1-5-21-319363115-539993444-1518226044-1001_classes/local settings/muicache/6/52c64b7e/@tzres.dll,-2572","{'file': '\\REGISTRY\\USER\\S-1-5-21-319363115-539993444-1518226044-1001_Classes\\Local Settings\\MuiCache\\6\\52C64B7E\\@tzres.dll,-2572'}",0
"registry:/registry/user/s-1-5-21-319363115-539993444-1518226044-1001_classes/local settings/muicache/6/52c64b7e/@tzres.dll,-2591","{'file': '\\REGISTRY\\USER\\S-1-5-21-319363115-539993444-1518226044-1001_Classes\\Local Settings\\MuiCache\\6\\52C64B7E\\@tzres.dll,-2591'}",0
"registry:/registry/user/s-1-5-21-319363115-539993444-1518226044-1001_classes/local settings/muicache/6/52c64b7e/@tzres.dll,-2592","{'file': '\\REGISTRY\\USER\\S-1-5-21-319363115-539993444-1518226044-1001_Classes\\Local Settings\\MuiCache\\6\\52C64B7E\\@tzres.dll,-2592'}",0
"registry:/registry/user/s-1-5-21-319363115-539993444-1518226044-1001_classes/local settings/muicache/6/52c64b7e/@tzres.dll,-261","{'file': '\\REGISTRY\\USER\\S-1-5-21-319363115-539993444-1518226044-1001_Classes\\Local Settings\\MuiCache\\6\\52C64B7E\\@tzres.dll,-261'}",0
"registry:/registry/user/s-1-5-21-319363115-539993444-1518226044-1001_classes/local settings/muicache/6/52c64b7e/@tzres.dll,-2611","{'file': '\\REGISTRY\\USER\\S-1-5-21-319363115-539993444-1518226044-1001_Classes\\Local Settings\\MuiCache\\6\\52C64B7E\\@tzres.dll,-2611'}",0
"registry:/registry/user/s-1-5-21-319363115-539993444-1518226044-1001_classes/local settings/muicache/6/52c64b7e/@tzres.dll,-2612","{'file': '\\REGISTRY\\USER\\S-1-5-21-319363115-539993444-1518226044-1001_Classes\\Local Settings\\MuiCache\\6\\52C64B7E\\@tzres.dll,-2612'}",0
"registry:/registry/user/s-1-5-21-319363115-539993444-1518226044-1001_classes/local settings/muicache/6/52c64b7e/@tzres.dll,-262","{'file': '\\REGISTRY\\USER\\S-1-5-21-319363115-539993444-1518226044-1001_Classes\\Local Settings\\MuiCache\\6\\52C64B7E\\@tzres.dll,-262'}",0
"registry:/registry/user/s-1-5-21-319363115-539993444-1518226044-1001_classes/local settings/muicache/6/52c64b7e/@tzres.dll,-2631","{'file': '\\REGISTRY\\USER\\S-1-5-21-319363115-539993444-1518226044-1001_Classes\\Local Settings\\MuiCache\\6\\52C64B7E\\@tzres.dll,-2631'}",0
"registry:/registry/user/s-1-5-21-319363115-539993444-1518226044-1001_classes/local settings/muicache/6/52c64b7e/@tzres.dll,-2632","{'file': '\\REGISTRY\\USER\\S-1-5-21-319363115-539993444-1518226044-1001_Classes\\Local Settings\\MuiCache\\6\\52C64B7E\\@tzres.dll,-2632'}",0
"registry:/registry/user/s-1-5-21-319363115-539993444-1518226044-1001_classes/local settings/muicache/6/52c64b7e/@tzres.dll,-271","{'file': '\\REGISTRY\\USER\\S-1-5-21-319363115-539993444-1518226044-1001_Classes\\Local Settings\\MuiCache\\6\\52C64B7E\\@tzres.dll,-271'}",0
"registry:/registry/user/s-1-5-21-319363115-539993444-1518226044-1001_classes/local settings/muicache/6/52c64b7e/@tzres.dll,-272","{'file': '\\REGISTRY\\USER\\S-1-5-21-319363115-539993444-1518226044-1001_Classes\\Local Settings\\MuiCache\\6\\52C64B7E\\@tzres.dll,-272'}",0
"registry:/registry/user/s-1-5-21-319363115-539993444-1518226044-1001_classes/local settings/muicache/6/52c64b7e/@tzres.dll,-2751","{'file': '\\REGISTRY\\USER\\S-1-5-21-319363115-539993444-1518226044-1001_Classes\\Local Settings\\MuiCache\\6\\52C64B7E\\@tzres.dll,-2751'}",0
"registry:/registry/user/s-1-5-21-319363115-539993444-1518226044-1001_classes/local settings/muicache/6/52c64b7e/@tzres.dll,-2752","{'file': '\\REGISTRY\\USER\\S-1-5-21-319363115-539993444-1518226044-1001_Classes\\Local Settings\\MuiCache\\6\\52C64B7E\\@tzres.dll,-2752'}",0
"registry:/registry/user/s-1-5-21-319363115-539993444-1518226044-1001_classes/local settings/muicache/6/52c64b7e/@tzres.dll,-2771","{'file': '\\REGISTRY\\USER\\S-1-5-21-319363115-539993444-1518226044-1001_Classes\\Local Settings\\MuiCache\\6\\52C64B7E\\@tzres.dll,-2771'}",0
"registry:/registry/user/s-1-5-21-319363115-539993444-1518226044-1001_classes/local settings/muicache/6/52c64b7e/@tzres.dll,-2772","{'file': '\\REGISTRY\\USER\\S-1-5-21-319363115-539993444-1518226044-1001_Classes\\Local Settings\\MuiCache\\6\\52C64B7E\\@tzres.dll,-2772'}",0
"registry:/registry/user/s-1-5-21-319363115-539993444-1518226044-1001_classes/local settings/muicache/6/52c64b7e/@tzres.dll,-2791","{'file': '\\REGISTRY\\USER\\S-1-5-21-319363115-539993444-1518226044-1001_Classes\\Local Settings\\MuiCache\\6\\52C64B7E\\@tzres.dll,-2791'}",0
"registry:/registry/user/s-1-5-21-319363115-539993444-1518226044-1001_classes/local settings/muicache/6/52c64b7e/@tzres.dll,-2792","{'file': '\\REGISTRY\\USER\\S-1-5-21-319363115-539993444-1518226044-1001_Classes\\Local Settings\\MuiCache\\6\\52C64B7E\\@tzres.dll,-2792'}",0
"registry:/registry/user/s-1-5-21-319363115-539993444-1518226044-1001_classes/local settings/muicache/6/52c64b7e/@tzres.dll,-281","{'file': '\\REGISTRY\\USER\\S-1-5-21-319363115-539993444-1518226044-1001_Classes\\Local Settings\\MuiCache\\6\\52C64B7E\\@tzres.dll,-281'}",0
"registry:/registry/user/s-1-5-21-319363115-539993444-1518226044-1001_classes/local settings/muicache/6/52c64b7e/@tzres.dll,-282","{'file': '\\REGISTRY\\USER\\S-1-5-21-319363115-539993444-1518226044-1001_Classes\\Local Settings\\MuiCache\\6\\52C64B7E\\@tzres.dll,-282'}",0
"registry:/registry/user/s-1-5-21-319363115-539993444-1518226044-1001_classes/local settings/muicache/6/52c64b7e/@tzres.dll,-2841","{'file': '\\REGISTRY\\USER\\S-1-5-21-319363115-539993444-1518226044-1001_Classes\\Local Settings\\MuiCache\\6\\52C64B7E\\@tzres.dll,-2841'}",0
"registry:/registry/user/s-1-5-21-319363115-539993444-1518226044-1001_classes/local settings/muicache/6/52c64b7e/@tzres.dll,-2842","{'file': '\\REGISTRY\\USER\\S-1-5-21-319363115-539993444-1518226044-1001_Classes\\Local Settings\\MuiCache\\6\\52C64B7E\\@tzres.dll,-2842'}",0
"registry:/registry/user/s-1-5-21-319363115-539993444-1518226044-1001_classes/local settings/muicache/6/52c64b7e/@tzres.dll,-2871","{'file': '\\REGISTRY\\USER\\S-1-5-21-319363115-539993444-1518226044-1001_Classes\\Local Settings\\MuiCache\\6\\52C64B7E\\@tzres.dll,-2871'}",0
"registry:/registry/user/s-1-5-21-319363115-539993444-1518226044-1001_classes/local settings/muicache/6/52c64b7e/@tzres.dll,-2872","{'file': '\\REGISTRY\\USER\\S-1-5-21-319363115-539993444-1518226044-1001_Classes\\Local Settings\\MuiCache\\6\\52C64B7E\\@tzres.dll,-2872'}",0
"registry:/registry/user/s-1-5-21-319363115-539993444-1518226044-1001_classes/local settings/muicache/6/52c64b7e/@tzres.dll,-2891","{'file': '\\REGISTRY\\USER\\S-1-5-21-319363115-539993444-1518226044-1001_Classes\\Local Settings\\MuiCache\\6\\52C64B7E\\@tzres.dll,-2891'}",0
"registry:/registry/user/s-1-5-21-319363115-539993444-1518226044-1001_classes/local settings/muicache/6/52c64b7e/@tzres.dll,-2892","{'file': '\\REGISTRY\\USER\\S-1-5-21-319363115-539993444-1518226044-1001_Classes\\Local Settings\\MuiCache\\6\\52C64B7E\\@tzres.dll,-2892'}",0
"registry:/registry/user/s-1-5-21-319363115-539993444-1518226044-1001_classes/local settings/muicache/6/52c64b7e/@tzres.dll,-291","{'file': '\\REGISTRY\\USER\\S-1-5-21-319363115-539993444-1518226044-1001_Classes\\Local Settings\\MuiCache\\6\\52C64B7E\\@tzres.dll,-291'}",0
"registry:/registry/user/s-1-5-21-319363115-539993444-1518226044-1001_classes/local settings/muicache/6/52c64b7e/@tzres.dll,-292","{'file': '\\REGISTRY\\USER\\S-1-5-21-319363115-539993444-1518226044-1001_Classes\\Local Settings\\MuiCache\\6\\52C64B7E\\@tzres.dll,-292'}",0
"registry:/registry/user/s-1-5-21-319363115-539993444-1518226044-1001_classes/local settings/muicache/6/52c64b7e/@tzres.dll,-2941","{'file': '\\REGISTRY\\USER\\S-1-5-21-319363115-539993444-1518226044-1001_Classes\\Local Settings\\MuiCache\\6\\52C64B7E\\@tzres.dll,-2941'}",0
"registry:/registry/user/s-1-5-21-319363115-539993444-1518226044-1001_classes/local settings/muicache/6/52c64b7e/@tzres.dll,-2942","{'file': '\\REGISTRY\\USER\\S-1-5-21-319363115-539993444-1518226044-1001_Classes\\Local Settings\\MuiCache\\6\\52C64B7E\\@tzres.dll,-2942'}",0
"registry:/registry/user/s-1-5-21-319363115-539993444-1518226044-1001_classes/local settings/muicache/6/52c64b7e/@tzres.dll,-301","{'file': '\\REGISTRY\\USER\\S-1-5-21-319363115-539993444-1518226044-1001_Classes\\Local Settings\\MuiCache\\6\\52C64B7E\\@tzres.dll,-301'}",0
"registry:/registry/user/s-1-5-21-319363115-539993444-1518226044-1001_classes/local settings/muicache/6/52c64b7e/@tzres.dll,-302","{'file': '\\REGISTRY\\USER\\S-1-5-21-319363115-539993444-1518226044-1001_Classes\\Local Settings\\MuiCache\\6\\52C64B7E\\@tzres.dll,-302'}",0
"registry:/registry/user/s-1-5-21-319363115-539993444-1518226044-1001_classes/local settings/muicache/6/52c64b7e/@tzres.dll,-3051","{'file': '\\REGISTRY\\USER\\S-1-5-21-319363115-539993444-1518226044-1001_Classes\\Local Settings\\MuiCache\\6\\52C64B7E\\@tzres.dll,-3051'}",0
"registry:/registry/user/s-1-5-21-319363115-539993444-1518226044-1001_classes/local settings/muicache/6/52c64b7e/@tzres.dll,-3052","{'file': '\\REGISTRY\\USER\\S-1-5-21-319363115-539993444-1518226044-1001_Classes\\Local Settings\\MuiCache\\6\\52C64B7E\\@tzres.dll,-3052'}",0
"registry:/registry/user/s-1-5-21-319363115-539993444-1518226044-1001_classes/local settings/muicache/6/52c64b7e/@tzres.dll,-31","{'file': '\\REGISTRY\\USER\\S-1-5-21-319363115-539993444-1518226044-1001_Classes\\Local Settings\\MuiCache\\6\\52C64B7E\\@tzres.dll,-31'}",0
"registry:/registry/user/s-1-5-21-319363115-539993444-1518226044-1001_classes/local settings/muicache/6/52c64b7e/@tzres.dll,-3141","{'file': '\\REGISTRY\\USER\\S-1-5-21-319363115-539993444-1518226044-1001_Classes\\Local Settings\\MuiCache\\6\\52C64B7E\\@tzres.dll,-3141'}",0
"registry:/registry/user/s-1-5-21-319363115-539993444-1518226044-1001_classes/local settings/muicache/6/52c64b7e/@tzres.dll,-3142","{'file': '\\REGISTRY\\USER\\S-1-5-21-319363115-539993444-1518226044-1001_Classes\\Local Settings\\MuiCache\\6\\52C64B7E\\@tzres.dll,-3142'}",0
"registry:/registry/user/s-1-5-21-319363115-539993444-1518226044-1001_classes/local settings/muicache/6/52c64b7e/@tzres.dll,-32","{'file': '\\REGISTRY\\USER\\S-1-5-21-319363115-539993444-1518226044-1001_Classes\\Local Settings\\MuiCache\\6\\52C64B7E\\@tzres.dll,-32'}",0
"registry:/registry/user/s-1-5-21-319363115-539993444-1518226044-1001_classes/local settings/muicache/6/52c64b7e/@tzres.dll,-331","{'file': '\\REGISTRY\\USER\\S-1-5-21-319363115-539993444-1518226044-1001_Classes\\Local Settings\\MuiCache\\6\\52C64B7E\\@tzres.dll,-331'}",0
"registry:/registry/user/s-1-5-21-319363115-539993444-1518226044-1001_classes/local settings/muicache/6/52c64b7e/@tzres.dll,-332","{'file': '\\REGISTRY\\USER\\S-1-5-21-319363115-539993444-1518226044-1001_Classes\\Local Settings\\MuiCache\\6\\52C64B7E\\@tzres.dll,-332'}",0
"registry:/registry/user/s-1-5-21-319363115-539993444-1518226044-1001_classes/local settings/muicache/6/52c64b7e/@tzres.dll,-334","{'file': '\\REGISTRY\\USER\\S-1-5-21-319363115-539993444-1518226044-1001_Classes\\Local Settings\\MuiCache\\6\\52C64B7E\\@tzres.dll,-334'}",0
"registry:/registry/user/s-1-5-21-319363115-539993444-1518226044-1001_classes/local settings/muicache/6/52c64b7e/@tzres.dll,-335","{'file': '\\REGISTRY\\USER\\S-1-5-21-319363115-539993444-1518226044-1001_Classes\\Local Settings\\MuiCache\\6\\52C64B7E\\@tzres.dll,-335'}",0
"registry:/registry/user/s-1-5-21-319363115-539993444-1518226044-1001_classes/local settings/muicache/6/52c64b7e/@tzres.dll,-341","{'file': '\\REGISTRY\\USER\\S-1-5-21-319363115-539993444-1518226044-1001_Classes\\Local Settings\\MuiCache\\6\\52C64B7E\\@tzres.dll,-341'}",0
"registry:/registry/user/s-1-5-21-319363115-539993444-1518226044-1001_classes/local settings/muicache/6/52c64b7e/@tzres.dll,-342","{'file': '\\REGISTRY\\USER\\S-1-5-21-319363115-539993444-1518226044-1001_Classes\\Local Settings\\MuiCache\\6\\52C64B7E\\@tzres.dll,-342'}",0
"registry:/registry/user/s-1-5-21-319363115-539993444-1518226044-1001_classes/local settings/muicache/6/52c64b7e/@tzres.dll,-351","{'file': '\\REGISTRY\\USER\\S-1-5-21-319363115-539993444-1518226044-1001_Classes\\Local Settings\\MuiCache\\6\\52C64B7E\\@tzres.dll,-351'}",0
"registry:/registry/user/s-1-5-21-319363115-539993444-1518226044-1001_classes/local settings/muicache/6/52c64b7e/@tzres.dll,-352","{'file': '\\REGISTRY\\USER\\S-1-5-21-319363115-539993444-1518226044-1001_Classes\\Local Settings\\MuiCache\\6\\52C64B7E\\@tzres.dll,-352'}",0
"registry:/registry/user/s-1-5-21-319363115-539993444-1518226044-1001_classes/local settings/muicache/6/52c64b7e/@tzres.dll,-361","{'file': '\\REGISTRY\\USER\\S-1-5-21-319363115-539993444-1518226044-1001_Classes\\Local Settings\\MuiCache\\6\\52C64B7E\\@tzres.dll,-361'}",0
"registry:/registry/user/s-1-5-21-319363115-539993444-1518226044-1001_classes/local settings/muicache/6/52c64b7e/@tzres.dll,-362","{'file': '\\REGISTRY\\USER\\S-1-5-21-319363115-539993444-1518226044-1001_Classes\\Local Settings\\MuiCache\\6\\52C64B7E\\@tzres.dll,-362'}",0
"registry:/registry/user/s-1-5-21-319363115-539993444-1518226044-1001_classes/local settings/muicache/6/52c64b7e/@tzres.dll,-364","{'file': '\\REGISTRY\\USER\\S-1-5-21-319363115-539993444-1518226044-1001_Classes\\Local Settings\\MuiCache\\6\\52C64B7E\\@tzres.dll,-364'}",0
"registry:/registry/user/s-1-5-21-319363115-539993444-1518226044-1001_classes/local settings/muicache/6/52c64b7e/@tzres.dll,-365","{'file': '\\REGISTRY\\USER\\S-1-5-21-319363115-539993444-1518226044-1001_Classes\\Local Settings\\MuiCache\\6\\52C64B7E\\@tzres.dll,-365'}",0
"registry:/registry/user/s-1-5-21-319363115-539993444-1518226044-1001_classes/local settings/muicache/6/52c64b7e/@tzres.dll,-371","{'file': '\\REGISTRY\\USER\\S-1-5-21-319363115-539993444-1518226044-1001_Classes\\Local Settings\\MuiCache\\6\\52C64B7E\\@tzres.dll,-371'}",0
"registry:/registry/user/s-1-5-21-319363115-539993444-1518226044-1001_classes/local settings/muicache/6/52c64b7e/@tzres.dll,-372","{'file': '\\REGISTRY\\USER\\S-1-5-21-319363115-539993444-1518226044-1001_Classes\\Local Settings\\MuiCache\\6\\52C64B7E\\@tzres.dll,-372'}",0
"registry:/registry/user/s-1-5-21-319363115-539993444-1518226044-1001_classes/local settings/muicache/6/52c64b7e/@tzres.dll,-381","{'file': '\\REGISTRY\\USER\\S-1-5-21-319363115-539993444-1518226044-1001_Classes\\Local Settings\\MuiCache\\6\\52C64B7E\\@tzres.dll,-381'}",0
"registry:/registry/user/s-1-5-21-319363115-539993444-1518226044-1001_classes/local settings/muicache/6/52c64b7e/@tzres.dll,-382","{'file': '\\REGISTRY\\USER\\S-1-5-21-319363115-539993444-1518226044-1001_Classes\\Local Settings\\MuiCache\\6\\52C64B7E\\@tzres.dll,-382'}",0
"registry:/registry/user/s-1-5-21-319363115-539993444-1518226044-1001_classes/local settings/muicache/6/52c64b7e/@tzres.dll,-384","{'file': '\\REGISTRY\\USER\\S-1-5-21-319363115-539993444-1518226044-1001_Classes\\Local Settings\\MuiCache\\6\\52C64B7E\\@tzres.dll,-384'}",0
"registry:/registry/user/s-1-5-21-319363115-539993444-1518226044-1001_classes/local settings/muicache/6/52c64b7e/@tzres.dll,-385","{'file': '\\REGISTRY\\USER\\S-1-5-21-319363115-539993444-1518226044-1001_Classes\\Local Settings\\MuiCache\\6\\52C64B7E\\@tzres.dll,-385'}",0
"registry:/registry/user/s-1-5-21-319363115-539993444-1518226044-1001_classes/local settings/muicache/6/52c64b7e/@tzres.dll,-391","{'file': '\\REGISTRY\\USER\\S-1-5-21-319363115-539993444-1518226044-1001_Classes\\Local Settings\\MuiCache\\6\\52C64B7E\\@tzres.dll,-391'}",0
"registry:/registry/user/s-1-5-21-319363115-539993444-1518226044-1001_classes/local settings/muicache/6/52c64b7e/@tzres.dll,-392","{'file': '\\REGISTRY\\USER\\S-1-5-21-319363115-539993444-1518226044-1001_Classes\\Local Settings\\MuiCache\\6\\52C64B7E\\@tzres.dll,-392'}",0
"registry:/registry/user/s-1-5-21-319363115-539993444-1518226044-1001_classes/local settings/muicache/6/52c64b7e/@tzres.dll,-401","{'file': '\\REGISTRY\\USER\\S-1-5-21-319363115-539993444-1518226044-1001_Classes\\Local Settings\\MuiCache\\6\\52C64B7E\\@tzres.dll,-401'}",0
"registry:/registry/user/s-1-5-21-319363115-539993444-1518226044-1001_classes/local settings/muicache/6/52c64b7e/@tzres.dll,-402","{'file': '\\REGISTRY\\USER\\S-1-5-21-319363115-539993444-1518226044-1001_Classes\\Local Settings\\MuiCache\\6\\52C64B7E\\@tzres.dll,-402'}",0
"registry:/registry/user/s-1-5-21-319363115-539993444-1518226044-1001_classes/local settings/muicache/6/52c64b7e/@tzres.dll,-41","{'file': '\\REGISTRY\\USER\\S-1-5-21-319363115-539993444-1518226044-1001_Classes\\Local Settings\\MuiCache\\6\\52C64B7E\\@tzres.dll,-41'}",0
"registry:/registry/user/s-1-5-21-319363115-539993444-1518226044-1001_classes/local settings/muicache/6/52c64b7e/@tzres.dll,-411","{'file': '\\REGISTRY\\USER\\S-1-5-21-319363115-539993444-1518226044-1001_Classes\\Local Settings\\MuiCache\\6\\52C64B7E\\@tzres.dll,-411'}",0
"registry:/registry/user/s-1-5-21-319363115-539993444-1518226044-1001_classes/local settings/muicache/6/52c64b7e/@tzres.dll,-412","{'file': '\\REGISTRY\\USER\\S-1-5-21-319363115-539993444-1518226044-1001_Classes\\Local Settings\\MuiCache\\6\\52C64B7E\\@tzres.dll,-412'}",0
"registry:/registry/user/s-1-5-21-319363115-539993444-1518226044-1001_classes/local settings/muicache/6/52c64b7e/@tzres.dll,-42","{'file': '\\REGISTRY\\USER\\S-1-5-21-319363115-539993444-1518226044-1001_Classes\\Local Settings\\MuiCache\\6\\52C64B7E\\@tzres.dll,-42'}",0
"registry:/registry/user/s-1-5-21-319363115-539993444-1518226044-1001_classes/local settings/muicache/6/52c64b7e/@tzres.dll,-431","{'file': '\\REGISTRY\\USER\\S-1-5-21-319363115-539993444-1518226044-1001_Classes\\Local Settings\\MuiCache\\6\\52C64B7E\\@tzres.dll,-431'}",0
"registry:/registry/user/s-1-5-21-319363115-539993444-1518226044-1001_classes/local settings/muicache/6/52c64b7e/@tzres.dll,-432","{'file': '\\REGISTRY\\USER\\S-1-5-21-319363115-539993444-1518226044-1001_Classes\\Local Settings\\MuiCache\\6\\52C64B7E\\@tzres.dll,-432'}",0
"registry:/registry/user/s-1-5-21-319363115-539993444-1518226044-1001_classes/local settings/muicache/6/52c64b7e/@tzres.dll,-434","{'file': '\\REGISTRY\\USER\\S-1-5-21-319363115-539993444-1518226044-1001_Classes\\Local Settings\\MuiCache\\6\\52C64B7E\\@tzres.dll,-434'}",0
"registry:/registry/user/s-1-5-21-319363115-539993444-1518226044-1001_classes/local settings/muicache/6/52c64b7e/@tzres.dll,-435","{'file': '\\REGISTRY\\USER\\S-1-5-21-319363115-539993444-1518226044-1001_Classes\\Local Settings\\MuiCache\\6\\52C64B7E\\@tzres.dll,-435'}",0
"registry:/registry/user/s-1-5-21-319363115-539993444-1518226044-1001_classes/local settings/muicache/6/52c64b7e/@tzres.dll,-441","{'file': '\\REGISTRY\\USER\\S-1-5-21-319363115-539993444-1518226044-1001_Classes\\Local Settings\\MuiCache\\6\\52C64B7E\\@tzres.dll,-441'}",0
"registry:/registry/user/s-1-5-21-319363115-539993444-1518226044-1001_classes/local settings/muicache/6/52c64b7e/@tzres.dll,-442","{'file': '\\REGISTRY\\USER\\S-1-5-21-319363115-539993444-1518226044-1001_Classes\\Local Settings\\MuiCache\\6\\52C64B7E\\@tzres.dll,-442'}",0
"registry:/registry/user/s-1-5-21-319363115-539993444-1518226044-1001_classes/local settings/muicache/6/52c64b7e/@tzres.dll,-448","{'file': '\\REGISTRY\\USER\\S-1-5-21-319363115-539993444-1518226044-1001_Classes\\Local Settings\\MuiCache\\6\\52C64B7E\\@tzres.dll,-448'}",0
"registry:/registry/user/s-1-5-21-319363115-539993444-1518226044-1001_classes/local settings/muicache/6/52c64b7e/@tzres.dll,-449","{'file': '\\REGISTRY\\USER\\S-1-5-21-319363115-539993444-1518226044-1001_Classes\\Local Settings\\MuiCache\\6\\52C64B7E\\@tzres.dll,-449'}",0
"registry:/registry/user/s-1-5-21-319363115-539993444-1518226044-1001_classes/local settings/muicache/6/52c64b7e/@tzres.dll,-451","{'file': '\\REGISTRY\\USER\\S-1-5-21-319363115-539993444-1518226044-1001_Classes\\Local Settings\\MuiCache\\6\\52C64B7E\\@tzres.dll,-451'}",0
"registry:/registry/user/s-1-5-21-319363115-539993444-1518226044-1001_classes/local settings/muicache/6/52c64b7e/@tzres.dll,-452","{'file': '\\REGISTRY\\USER\\S-1-5-21-319363115-539993444-1518226044-1001_Classes\\Local Settings\\MuiCache\\6\\52C64B7E\\@tzres.dll,-452'}",0
"registry:/registry/user/s-1-5-21-319363115-539993444-1518226044-1001_classes/local settings/muicache/6/52c64b7e/@tzres.dll,-461","{'file': '\\REGISTRY\\USER\\S-1-5-21-319363115-539993444-1518226044-1001_Classes\\Local Settings\\MuiCache\\6\\52C64B7E\\@tzres.dll,-461'}",0
"registry:/registry/user/s-1-5-21-319363115-539993444-1518226044-1001_classes/local settings/muicache/6/52c64b7e/@tzres.dll,-462","{'file': '\\REGISTRY\\USER\\S-1-5-21-319363115-539993444-1518226044-1001_Classes\\Local Settings\\MuiCache\\6\\52C64B7E\\@tzres.dll,-462'}",0
"registry:/registry/user/s-1-5-21-319363115-539993444-1518226044-1001_classes/local settings/muicache/6/52c64b7e/@tzres.dll,-491","{'file': '\\REGISTRY\\USER\\S-1-5-21-319363115-539993444-1518226044-1001_Classes\\Local Settings\\MuiCache\\6\\52C64B7E\\@tzres.dll,-491'}",0
"registry:/registry/user/s-1-5-21-319363115-539993444-1518226044-1001_classes/local settings/muicache/6/52c64b7e/@tzres.dll,-492","{'file': '\\REGISTRY\\USER\\S-1-5-21-319363115-539993444-1518226044-1001_Classes\\Local Settings\\MuiCache\\6\\52C64B7E\\@tzres.dll,-492'}",0
"registry:/registry/user/s-1-5-21-319363115-539993444-1518226044-1001_classes/local settings/muicache/6/52c64b7e/@tzres.dll,-501","{'file': '\\REGISTRY\\USER\\S-1-5-21-319363115-539993444-1518226044-1001_Classes\\Local Settings\\MuiCache\\6\\52C64B7E\\@tzres.dll,-501'}",0
"registry:/registry/user/s-1-5-21-319363115-539993444-1518226044-1001_classes/local settings/muicache/6/52c64b7e/@tzres.dll,-502","{'file': '\\REGISTRY\\USER\\S-1-5-21-319363115-539993444-1518226044-1001_Classes\\Local Settings\\MuiCache\\6\\52C64B7E\\@tzres.dll,-502'}",0
"registry:/registry/user/s-1-5-21-319363115-539993444-1518226044-1001_classes/local settings/muicache/6/52c64b7e/@tzres.dll,-51","{'file': '\\REGISTRY\\USER\\S-1-5-21-319363115-539993444-1518226044-1001_Classes\\Local Settings\\MuiCache\\6\\52C64B7E\\@tzres.dll,-51'}",0
"registry:/registry/user/s-1-5-21-319363115-539993444-1518226044-1001_classes/local settings/muicache/6/52c64b7e/@tzres.dll,-511","{'file': '\\REGISTRY\\USER\\S-1-5-21-319363115-539993444-1518226044-1001_Classes\\Local Settings\\MuiCache\\6\\52C64B7E\\@tzres.dll,-511'}",0
"registry:/registry/user/s-1-5-21-319363115-539993444-1518226044-1001_classes/local settings/muicache/6/52c64b7e/@tzres.dll,-512","{'file': '\\REGISTRY\\USER\\S-1-5-21-319363115-539993444-1518226044-1001_Classes\\Local Settings\\MuiCache\\6\\52C64B7E\\@tzres.dll,-512'}",0
"registry:/registry/user/s-1-5-21-319363115-539993444-1518226044-1001_classes/local settings/muicache/6/52c64b7e/@tzres.dll,-52","{'file': '\\REGISTRY\\USER\\S-1-5-21-319363115-539993444-1518226044-1001_Classes\\Local Settings\\MuiCache\\6\\52C64B7E\\@tzres.dll,-52'}",0
"registry:/registry/user/s-1-5-21-319363115-539993444-1518226044-1001_classes/local settings/muicache/6/52c64b7e/@tzres.dll,-531","{'file': '\\REGISTRY\\USER\\S-1-5-21-319363115-539993444-1518226044-1001_Classes\\Local Settings\\MuiCache\\6\\52C64B7E\\@tzres.dll,-531'}",0
"registry:/registry/user/s-1-5-21-319363115-539993444-1518226044-1001_classes/local settings/muicache/6/52c64b7e/@tzres.dll,-532","{'file': '\\REGISTRY\\USER\\S-1-5-21-319363115-539993444-1518226044-1001_Classes\\Local Settings\\MuiCache\\6\\52C64B7E\\@tzres.dll,-532'}",0
"registry:/registry/user/s-1-5-21-319363115-539993444-1518226044-1001_classes/local settings/muicache/6/52c64b7e/@tzres.dll,-541","{'file': '\\REGISTRY\\USER\\S-1-5-21-319363115-539993444-1518226044-1001_Classes\\Local Settings\\MuiCache\\6\\52C64B7E\\@tzres.dll,-541'}",0
"registry:/registry/user/s-1-5-21-319363115-539993444-1518226044-1001_classes/local settings/muicache/6/52c64b7e/@tzres.dll,-542","{'file': '\\REGISTRY\\USER\\S-1-5-21-319363115-539993444-1518226044-1001_Classes\\Local Settings\\MuiCache\\6\\52C64B7E\\@tzres.dll,-542'}",0
"registry:/registry/user/s-1-5-21-319363115-539993444-1518226044-1001_classes/local settings/muicache/6/52c64b7e/@tzres.dll,-561","{'file': '\\REGISTRY\\USER\\S-1-5-21-319363115-539993444-1518226044-1001_Classes\\Local Settings\\MuiCache\\6\\52C64B7E\\@tzres.dll,-561'}",0
"registry:/registry/user/s-1-5-21-319363115-539993444-1518226044-1001_classes/local settings/muicache/6/52c64b7e/@tzres.dll,-562","{'file': '\\REGISTRY\\USER\\S-1-5-21-319363115-539993444-1518226044-1001_Classes\\Local Settings\\MuiCache\\6\\52C64B7E\\@tzres.dll,-562'}",0
"registry:/registry/user/s-1-5-21-319363115-539993444-1518226044-1001_classes/local settings/muicache/6/52c64b7e/@tzres.dll,-571","{'file': '\\REGISTRY\\USER\\S-1-5-21-319363115-539993444-1518226044-1001_Classes\\Local Settings\\MuiCache\\6\\52C64B7E\\@tzres.dll,-571'}",0
"registry:/registry/user/s-1-5-21-319363115-539993444-1518226044-1001_classes/local settings/muicache/6/52c64b7e/@tzres.dll,-572","{'file': '\\REGISTRY\\USER\\S-1-5-21-319363115-539993444-1518226044-1001_Classes\\Local Settings\\MuiCache\\6\\52C64B7E\\@tzres.dll,-572'}",0
"registry:/registry/user/s-1-5-21-319363115-539993444-1518226044-1001_classes/local settings/muicache/6/52c64b7e/@tzres.dll,-591","{'file': '\\REGISTRY\\USER\\S-1-5-21-319363115-539993444-1518226044-1001_Classes\\Local Settings\\MuiCache\\6\\52C64B7E\\@tzres.dll,-591'}",0
"registry:/registry/user/s-1-5-21-319363115-539993444-1518226044-1001_classes/local settings/muicache/6/52c64b7e/@tzres.dll,-592","{'file': '\\REGISTRY\\USER\\S-1-5-21-319363115-539993444-1518226044-1001_Classes\\Local Settings\\MuiCache\\6\\52C64B7E\\@tzres.dll,-592'}",0
"registry:/registry/user/s-1-5-21-319363115-539993444-1518226044-1001_classes/local settings/muicache/6/52c64b7e/@tzres.dll,-601","{'file': '\\REGISTRY\\USER\\S-1-5-21-319363115-539993444-1518226044-1001_Classes\\Local Settings\\MuiCache\\6\\52C64B7E\\@tzres.dll,-601'}",0
"registry:/registry/user/s-1-5-21-319363115-539993444-1518226044-1001_classes/local settings/muicache/6/52c64b7e/@tzres.dll,-602","{'file': '\\REGISTRY\\USER\\S-1-5-21-319363115-539993444-1518226044-1001_Classes\\Local Settings\\MuiCache\\6\\52C64B7E\\@tzres.dll,-602'}",0
"registry:/registry/user/s-1-5-21-319363115-539993444-1518226044-1001_classes/local settings/muicache/6/52c64b7e/@tzres.dll,-621","{'file': '\\REGISTRY\\USER\\S-1-5-21-319363115-539993444-1518226044-1001_Classes\\Local Settings\\MuiCache\\6\\52C64B7E\\@tzres.dll,-621'}",0
"registry:/registry/user/s-1-5-21-319363115-539993444-1518226044-1001_classes/local settings/muicache/6/52c64b7e/@tzres.dll,-622","{'file': '\\REGISTRY\\USER\\S-1-5-21-319363115-539993444-1518226044-1001_Classes\\Local Settings\\MuiCache\\6\\52C64B7E\\@tzres.dll,-622'}",0
"registry:/registry/user/s-1-5-21-319363115-539993444-1518226044-1001_classes/local settings/muicache/6/52c64b7e/@tzres.dll,-631","{'file': '\\REGISTRY\\USER\\S-1-5-21-319363115-539993444-1518226044-1001_Classes\\Local Settings\\MuiCache\\6\\52C64B7E\\@tzres.dll,-631'}",0
"registry:/registry/user/s-1-5-21-319363115-539993444-1518226044-1001_classes/local settings/muicache/6/52c64b7e/@tzres.dll,-632","{'file': '\\REGISTRY\\USER\\S-1-5-21-319363115-539993444-1518226044-1001_Classes\\Local Settings\\MuiCache\\6\\52C64B7E\\@tzres.dll,-632'}",0
"registry:/registry/user/s-1-5-21-319363115-539993444-1518226044-1001_classes/local settings/muicache/6/52c64b7e/@tzres.dll,-651","{'file': '\\REGISTRY\\USER\\S-1-5-21-319363115-539993444-1518226044-1001_Classes\\Local Settings\\MuiCache\\6\\52C64B7E\\@tzres.dll,-651'}",0
"registry:/registry/user/s-1-5-21-319363115-539993444-1518226044-1001_classes/local settings/muicache/6/52c64b7e/@tzres.dll,-652","{'file': '\\REGISTRY\\USER\\S-1-5-21-319363115-539993444-1518226044-1001_Classes\\Local Settings\\MuiCache\\6\\52C64B7E\\@tzres.dll,-652'}",0
"registry:/registry/user/s-1-5-21-319363115-539993444-1518226044-1001_classes/local settings/muicache/6/52c64b7e/@tzres.dll,-661","{'file': '\\REGISTRY\\USER\\S-1-5-21-319363115-539993444-1518226044-1001_Classes\\Local Settings\\MuiCache\\6\\52C64B7E\\@tzres.dll,-661'}",0
"registry:/registry/user/s-1-5-21-319363115-539993444-1518226044-1001_classes/local settings/muicache/6/52c64b7e/@tzres.dll,-662","{'file': '\\REGISTRY\\USER\\S-1-5-21-319363115-539993444-1518226044-1001_Classes\\Local Settings\\MuiCache\\6\\52C64B7E\\@tzres.dll,-662'}",0
"registry:/registry/user/s-1-5-21-319363115-539993444-1518226044-1001_classes/local settings/muicache/6/52c64b7e/@tzres.dll,-671","{'file': '\\REGISTRY\\USER\\S-1-5-21-319363115-539993444-1518226044-1001_Classes\\Local Settings\\MuiCache\\6\\52C64B7E\\@tzres.dll,-671'}",0
"registry:/registry/user/s-1-5-21-319363115-539993444-1518226044-1001_classes/local settings/muicache/6/52c64b7e/@tzres.dll,-672","{'file': '\\REGISTRY\\USER\\S-1-5-21-319363115-539993444-1518226044-1001_Classes\\Local Settings\\MuiCache\\6\\52C64B7E\\@tzres.dll,-672'}",0
"registry:/registry/user/s-1-5-21-319363115-539993444-1518226044-1001_classes/local settings/muicache/6/52c64b7e/@tzres.dll,-681","{'file': '\\REGISTRY\\USER\\S-1-5-21-319363115-539993444-1518226044-1001_Classes\\Local Settings\\MuiCache\\6\\52C64B7E\\@tzres.dll,-681'}",0
"registry:/registry/user/s-1-5-21-319363115-539993444-1518226044-1001_classes/local settings/muicache/6/52c64b7e/@tzres.dll,-682","{'file': '\\REGISTRY\\USER\\S-1-5-21-319363115-539993444-1518226044-1001_Classes\\Local Settings\\MuiCache\\6\\52C64B7E\\@tzres.dll,-682'}",0
"registry:/registry/user/s-1-5-21-319363115-539993444-1518226044-1001_classes/local settings/muicache/6/52c64b7e/@tzres.dll,-691","{'file': '\\REGISTRY\\USER\\S-1-5-21-319363115-539993444-1518226044-1001_Classes\\Local Settings\\MuiCache\\6\\52C64B7E\\@tzres.dll,-691'}",0
"registry:/registry/user/s-1-5-21-319363115-539993444-1518226044-1001_classes/local settings/muicache/6/52c64b7e/@tzres.dll,-692","{'file': '\\REGISTRY\\USER\\S-1-5-21-319363115-539993444-1518226044-1001_Classes\\Local Settings\\MuiCache\\6\\52C64B7E\\@tzres.dll,-692'}",0
"registry:/registry/user/s-1-5-21-319363115-539993444-1518226044-1001_classes/local settings/muicache/6/52c64b7e/@tzres.dll,-71","{'file': '\\REGISTRY\\USER\\S-1-5-21-319363115-539993444-1518226044-1001_Classes\\Local Settings\\MuiCache\\6\\52C64B7E\\@tzres.dll,-71'}",0
"registry:/registry/user/s-1-5-21-319363115-539993444-1518226044-1001_classes/local settings/muicache/6/52c64b7e/@tzres.dll,-72","{'file': '\\REGISTRY\\USER\\S-1-5-21-319363115-539993444-1518226044-1001_Classes\\Local Settings\\MuiCache\\6\\52C64B7E\\@tzres.dll,-72'}",0
"registry:/registry/user/s-1-5-21-319363115-539993444-1518226044-1001_classes/local settings/muicache/6/52c64b7e/@tzres.dll,-721","{'file': '\\REGISTRY\\USER\\S-1-5-21-319363115-539993444-1518226044-1001_Classes\\Local Settings\\MuiCache\\6\\52C64B7E\\@tzres.dll,-721'}",0
"registry:/registry/user/s-1-5-21-319363115-539993444-1518226044-1001_classes/local settings/muicache/6/52c64b7e/@tzres.dll,-722","{'file': '\\REGISTRY\\USER\\S-1-5-21-319363115-539993444-1518226044-1001_Classes\\Local Settings\\MuiCache\\6\\52C64B7E\\@tzres.dll,-722'}",0
"registry:/registry/user/s-1-5-21-319363115-539993444-1518226044-1001_classes/local settings/muicache/6/52c64b7e/@tzres.dll,-731","{'file': '\\REGISTRY\\USER\\S-1-5-21-319363115-539993444-1518226044-1001_Classes\\Local Settings\\MuiCache\\6\\52C64B7E\\@tzres.dll,-731'}",0
"registry:/registry/user/s-1-5-21-319363115-539993444-1518226044-1001_classes/local settings/muicache/6/52c64b7e/@tzres.dll,-732","{'file': '\\REGISTRY\\USER\\S-1-5-21-319363115-539993444-1518226044-1001_Classes\\Local Settings\\MuiCache\\6\\52C64B7E\\@tzres.dll,-732'}",0
"registry:/registry/user/s-1-5-21-319363115-539993444-1518226044-1001_classes/local settings/muicache/6/52c64b7e/@tzres.dll,-741","{'file': '\\REGISTRY\\USER\\S-1-5-21-319363115-539993444-1518226044-1001_Classes\\Local Settings\\MuiCache\\6\\52C64B7E\\@tzres.dll,-741'}",0
"registry:/registry/user/s-1-5-21-319363115-539993444-1518226044-1001_classes/local settings/muicache/6/52c64b7e/@tzres.dll,-742","{'file': '\\REGISTRY\\USER\\S-1-5-21-319363115-539993444-1518226044-1001_Classes\\Local Settings\\MuiCache\\6\\52C64B7E\\@tzres.dll,-742'}",0
"registry:/registry/user/s-1-5-21-319363115-539993444-1518226044-1001_classes/local settings/muicache/6/52c64b7e/@tzres.dll,-751","{'file': '\\REGISTRY\\USER\\S-1-5-21-319363115-539993444-1518226044-1001_Classes\\Local Settings\\MuiCache\\6\\52C64B7E\\@tzres.dll,-751'}",0
"registry:/registry/user/s-1-5-21-319363115-539993444-1518226044-1001_classes/local settings/muicache/6/52c64b7e/@tzres.dll,-752","{'file': '\\REGISTRY\\USER\\S-1-5-21-319363115-539993444-1518226044-1001_Classes\\Local Settings\\MuiCache\\6\\52C64B7E\\@tzres.dll,-752'}",0
"registry:/registry/user/s-1-5-21-319363115-539993444-1518226044-1001_classes/local settings/muicache/6/52c64b7e/@tzres.dll,-771","{'file': '\\REGISTRY\\USER\\S-1-5-21-319363115-539993444-1518226044-1001_Classes\\Local Settings\\MuiCache\\6\\52C64B7E\\@tzres.dll,-771'}",0
"registry:/registry/user/s-1-5-21-319363115-539993444-1518226044-1001_classes/local settings/muicache/6/52c64b7e/@tzres.dll,-772","{'file': '\\REGISTRY\\USER\\S-1-5-21-319363115-539993444-1518226044-1001_Classes\\Local Settings\\MuiCache\\6\\52C64B7E\\@tzres.dll,-772'}",0
"registry:/registry/user/s-1-5-21-319363115-539993444-1518226044-1001_classes/local settings/muicache/6/52c64b7e/@tzres.dll,-791","{'file': '\\REGISTRY\\USER\\S-1-5-21-319363115-539993444-1518226044-1001_Classes\\Local Settings\\MuiCache\\6\\52C64B7E\\@tzres.dll,-791'}",0
"registry:/registry/user/s-1-5-21-319363115-539993444-1518226044-1001_classes/local settings/muicache/6/52c64b7e/@tzres.dll,-792","{'file': '\\REGISTRY\\USER\\S-1-5-21-319363115-539993444-1518226044-1001_Classes\\Local Settings\\MuiCache\\6\\52C64B7E\\@tzres.dll,-792'}",0
"registry:/registry/user/s-1-5-21-319363115-539993444-1518226044-1001_classes/local settings/muicache/6/52c64b7e/@tzres.dll,-81","{'file': '\\REGISTRY\\USER\\S-1-5-21-319363115-539993444-1518226044-1001_Classes\\Local Settings\\MuiCache\\6\\52C64B7E\\@tzres.dll,-81'}",0
"registry:/registry/user/s-1-5-21-319363115-539993444-1518226044-1001_classes/local settings/muicache/6/52c64b7e/@tzres.dll,-82","{'file': '\\REGISTRY\\USER\\S-1-5-21-319363115-539993444-1518226044-1001_Classes\\Local Settings\\MuiCache\\6\\52C64B7E\\@tzres.dll,-82'}",0
"registry:/registry/user/s-1-5-21-319363115-539993444-1518226044-1001_classes/local settings/muicache/6/52c64b7e/@tzres.dll,-831","{'file': '\\REGISTRY\\USER\\S-1-5-21-319363115-539993444-1518226044-1001_Classes\\Local Settings\\MuiCache\\6\\52C64B7E\\@tzres.dll,-831'}",0
"registry:/registry/user/s-1-5-21-319363115-539993444-1518226044-1001_classes/local settings/muicache/6/52c64b7e/@tzres.dll,-832","{'file': '\\REGISTRY\\USER\\S-1-5-21-319363115-539993444-1518226044-1001_Classes\\Local Settings\\MuiCache\\6\\52C64B7E\\@tzres.dll,-832'}",0
"registry:/registry/user/s-1-5-21-319363115-539993444-1518226044-1001_classes/local settings/muicache/6/52c64b7e/@tzres.dll,-841","{'file': '\\REGISTRY\\USER\\S-1-5-21-319363115-539993444-1518226044-1001_Classes\\Local Settings\\MuiCache\\6\\52C64B7E\\@tzres.dll,-841'}",0
"registry:/registry/user/s-1-5-21-319363115-539993444-1518226044-1001_classes/local settings/muicache/6/52c64b7e/@tzres.dll,-842","{'file': '\\REGISTRY\\USER\\S-1-5-21-319363115-539993444-1518226044-1001_Classes\\Local Settings\\MuiCache\\6\\52C64B7E\\@tzres.dll,-842'}",0
"registry:/registry/user/s-1-5-21-319363115-539993444-1518226044-1001_classes/local settings/muicache/6/52c64b7e/@tzres.dll,-871","{'file': '\\REGISTRY\\USER\\S-1-5-21-319363115-539993444-1518226044-1001_Classes\\Local Settings\\MuiCache\\6\\52C64B7E\\@tzres.dll,-871'}",0
"registry:/registry/user/s-1-5-21-319363115-539993444-1518226044-1001_classes/local settings/muicache/6/52c64b7e/@tzres.dll,-872","{'file': '\\REGISTRY\\USER\\S-1-5-21-319363115-539993444-1518226044-1001_Classes\\Local Settings\\MuiCache\\6\\52C64B7E\\@tzres.dll,-872'}",0
"registry:/registry/user/s-1-5-21-319363115-539993444-1518226044-1001_classes/local settings/muicache/6/52c64b7e/@tzres.dll,-891","{'file': '\\REGISTRY\\USER\\S-1-5-21-319363115-539993444-1518226044-1001_Classes\\Local Settings\\MuiCache\\6\\52C64B7E\\@tzres.dll,-891'}",0
"registry:/registry/user/s-1-5-21-319363115-539993444-1518226044-1001_classes/local settings/muicache/6/52c64b7e/@tzres.dll,-892","{'file': '\\REGISTRY\\USER\\S-1-5-21-319363115-539993444-1518226044-1001_Classes\\Local Settings\\MuiCache\\6\\52C64B7E\\@tzres.dll,-892'}",0
"registry:/registry/user/s-1-5-21-319363115-539993444-1518226044-1001_classes/local settings/muicache/6/52c64b7e/@tzres.dll,-91","{'file': '\\REGISTRY\\USER\\S-1-5-21-319363115-539993444-1518226044-1001_Classes\\Local Settings\\MuiCache\\6\\52C64B7E\\@tzres.dll,-91'}",0
"registry:/registry/user/s-1-5-21-319363115-539993444-1518226044-1001_classes/local settings/muicache/6/52c64b7e/@tzres.dll,-911","{'file': '\\REGISTRY\\USER\\S-1-5-21-319363115-539993444-1518226044-1001_Classes\\Local Settings\\MuiCache\\6\\52C64B7E\\@tzres.dll,-911'}",0
"registry:/registry/user/s-1-5-21-319363115-539993444-1518226044-1001_classes/local settings/muicache/6/52c64b7e/@tzres.dll,-912","{'file': '\\REGISTRY\\USER\\S-1-5-21-319363115-539993444-1518226044-1001_Classes\\Local Settings\\MuiCache\\6\\52C64B7E\\@tzres.dll,-912'}",0
"registry:/registry/user/s-1-5-21-319363115-539993444-1518226044-1001_classes/local settings/muicache/6/52c64b7e/@tzres.dll,-92","{'file': '\\REGISTRY\\USER\\S-1-5-21-319363115-539993444-1518226044-1001_Classes\\Local Settings\\MuiCache\\6\\52C64B7E\\@tzres.dll,-92'}",0
"registry:/registry/user/s-1-5-21-319363115-539993444-1518226044-1001_classes/local settings/muicache/6/52c64b7e/@tzres.dll,-931","{'file': '\\REGISTRY\\USER\\S-1-5-21-319363115-539993444-1518226044-1001_Classes\\Local Settings\\MuiCache\\6\\52C64B7E\\@tzres.dll,-931'}",0
"registry:/registry/user/s-1-5-21-319363115-539993444-1518226044-1001_classes/local settings/muicache/6/52c64b7e/@tzres.dll,-932","{'file': '\\REGISTRY\\USER\\S-1-5-21-319363115-539993444-1518226044-1001_Classes\\Local Settings\\MuiCache\\6\\52C64B7E\\@tzres.dll,-932'}",0
"registry:/registry/user/s-1-5-21-319363115-539993444-1518226044-1001_classes/local settings/muicache/6/52c64b7e/@tzres.dll,-961","{'file': '\\REGISTRY\\USER\\S-1-5-21-319363115-539993444-1518226044-1001_Classes\\Local Settings\\MuiCache\\6\\52C64B7E\\@tzres.dll,-961'}",0
"registry:/registry/user/s-1-5-21-319363115-539993444-1518226044-1001_classes/local settings/muicache/6/52c64b7e/@tzres.dll,-962","{'file': '\\REGISTRY\\USER\\S-1-5-21-319363115-539993444-1518226044-1001_Classes\\Local Settings\\MuiCache\\6\\52C64B7E\\@tzres.dll,-962'}",0
"registry:/registry/user/s-1-5-21-319363115-539993444-1518226044-1001_classes/local settings/muicache/6/52c64b7e/@tzres.dll,-981","{'file': '\\REGISTRY\\USER\\S-1-5-21-319363115-539993444-1518226044-1001_Classes\\Local Settings\\MuiCache\\6\\52C64B7E\\@tzres.dll,-981'}",0
"registry:/registry/user/s-1-5-21-319363115-539993444-1518226044-1001_classes/local settings/muicache/6/52c64b7e/@tzres.dll,-982","{'file': '\\REGISTRY\\USER\\S-1-5-21-319363115-539993444-1518226044-1001_Classes\\Local Settings\\MuiCache\\6\\52C64B7E\\@tzres.dll,-982'}",0
registry:powershell.exe|bd2e1475245f53a2,{'file': 'powershell.exe|bd2e1475245f53a2'},0
