file:/dev/shm/.gnome-update,{'file': '/dev/shm/.gnome-update'},0
file:/dev/shm/.helper,{'file': '/dev/shm/.helper'},0
file:/etc/systemd/system/packagekit-backend.service,{'file': '/etc/systemd/system/packagekit-backend.service'},0
file:/tmp/.privesc.sh,{'file': '/tmp/.privesc.sh'},0
file:/tmp/.privesc_result,{'file': '/tmp/.privesc_result'},0
file:/usr/lib/packagekit/packagekitd,{'file': '/usr/lib/packagekit/packagekitd'},0
netflow:10.40.40.10:443,{'netflow': '10.40.40.10:443'},0
netflow:10.40.40.20:443,{'netflow': '10.40.40.20:443'},0
subject:evasive_sysdig:10109:1786486736934645718,{'subject': '.gnome-update'},0
subject:evasive_sysdig:10110:1786486736935561840,{'subject': 'sh'},0
subject:evasive_sysdig:10762:1786486832392630460,{'subject': '.gnome-update'},0
subject:evasive_sysdig:10763:1786486832393367157,{'subject': 'sh'},0
subject:evasive_sysdig:10820:1786486958329988632,{'subject': '.gnome-update'},0
subject:evasive_sysdig:10821:1786486958334874473,{'subject': 'sh'},0
subject:evasive_sysdig:10854:1786487053604322360,{'subject': '.gnome-update'},0
subject:evasive_sysdig:10855:1786487053604998914,{'subject': 'sh'},0
subject:evasive_sysdig:11104:1786487175515208190,{'subject': '.gnome-update'},0
subject:evasive_sysdig:11105:1786487175515838297,{'subject': 'sh'},0
subject:evasive_sysdig:11127:1786487270867186243,{'subject': '.gnome-update'},0
subject:evasive_sysdig:11128:1786487270868605583,{'subject': 'sh'},0
subject:evasive_sysdig:11690:1786487393955851797,{'subject': '.gnome-update'},0
subject:evasive_sysdig:11691:1786487393956994802,{'subject': 'sh'},0
subject:evasive_sysdig:11792:1786487486188188857,{'subject': '.gnome-update'},0
subject:evasive_sysdig:11793:1786487486189279360,{'subject': 'sh'},0
subject:evasive_sysdig:11824:1786487609675228486,{'subject': '.gnome-update'},0
subject:evasive_sysdig:11825:1786487609675981117,{'subject': 'sh'},0
subject:evasive_sysdig:11878:1786487703104196861,{'subject': '.gnome-update'},0
subject:evasive_sysdig:11879:1786487703105182287,{'subject': 'sh'},0
subject:evasive_sysdig:11906:1786487827374747526,{'subject': '.gnome-update'},0
subject:evasive_sysdig:11907:1786487827375657692,{'subject': 'sh'},0
subject:evasive_sysdig:11927:1786487919435790284,{'subject': '.gnome-update'},0
subject:evasive_sysdig:11928:1786487919436948927,{'subject': 'sh'},0
subject:evasive_sysdig:11945:1786488044495914002,{'subject': '.gnome-update'},0
subject:evasive_sysdig:11946:1786488044496739705,{'subject': 'sh'},0
subject:evasive_sysdig:11963:1786488167384304787,{'subject': '.gnome-update'},0
subject:evasive_sysdig:11964:1786488167385036625,{'subject': 'sh'},0
subject:evasive_sysdig:11996:1786488262903800550,{'subject': '.gnome-update'},0
subject:evasive_sysdig:11997:1786488262905298061,{'subject': 'sh'},0
subject:evasive_sysdig:12147:1786488385763484538,{'subject': '.gnome-update'},0
subject:evasive_sysdig:12148:1786488385765159024,{'subject': 'sh'},0
subject:evasive_sysdig:12202:1786488479992224099,{'subject': '.gnome-update'},0
subject:evasive_sysdig:12203:1786488479993070902,{'subject': 'sh'},0
subject:evasive_sysdig:12657:1786488604742766505,{'subject': '.gnome-update'},0
subject:evasive_sysdig:12658:1786488604744068102,{'subject': 'sh'},0
subject:evasive_sysdig:12679:1786488697343887255,{'subject': '.gnome-update'},0
subject:evasive_sysdig:12680:1786488697345517353,{'subject': 'sh'},0
subject:evasive_sysdig:12754:1786488821911059881,{'subject': '.gnome-update'},0
subject:evasive_sysdig:12755:1786488821912729122,{'subject': 'sh'},0
subject:evasive_sysdig:13190:1786488947570927055,{'subject': '.gnome-update'},0
subject:evasive_sysdig:13191:1786488947571977928,{'subject': 'sh'},0
subject:evasive_sysdig:13245:1786489039858023437,{'subject': '.gnome-update'},0
subject:evasive_sysdig:13246:1786489039858870722,{'subject': 'sh'},0
subject:evasive_sysdig:13418:1786489161842061430,{'subject': '.gnome-update'},0
subject:evasive_sysdig:13419:1786489161843514174,{'subject': 'sh'},0
subject:evasive_sysdig:13569:1786489255589660305,{'subject': '.gnome-update'},0
subject:evasive_sysdig:13570:1786489255590418989,{'subject': 'sh'},0
subject:evasive_sysdig:13578:1786489380193448782,{'subject': '.gnome-update'},0
subject:evasive_sysdig:13579:1786489380194171594,{'subject': 'sh'},0
subject:evasive_sysdig:13635:1786489471887016177,{'subject': '.gnome-update'},0
subject:evasive_sysdig:13636:1786489471887876653,{'subject': 'sh'},0
subject:evasive_sysdig:13658:1786489595688727080,{'subject': '.gnome-update'},0
subject:evasive_sysdig:13659:1786489595689488610,{'subject': 'sh'},0
subject:evasive_sysdig:13819:1786489719546891118,{'subject': '.gnome-update'},0
subject:evasive_sysdig:13820:1786489719547778938,{'subject': 'sh'},0
subject:evasive_sysdig:13841:1786489812171452867,{'subject': '.gnome-update'},0
subject:evasive_sysdig:13842:1786489812173334872,{'subject': 'sh'},0
subject:evasive_sysdig:13972:1786489937905070790,{'subject': '.gnome-update'},0
subject:evasive_sysdig:13973:1786489937906021221,{'subject': 'sh'},0
subject:evasive_sysdig:14024:1786490060035110895,{'subject': '.gnome-update'},0
subject:evasive_sysdig:14025:1786490060035801374,{'subject': 'sh'},0
subject:evasive_sysdig:14311:1786490153278207569,{'subject': '.gnome-update'},0
subject:evasive_sysdig:14312:1786490153278979606,{'subject': 'sh'},0
subject:evasive_sysdig:14388:1786490276420528776,{'subject': '.gnome-update'},0
subject:evasive_sysdig:14389:1786490276421273498,{'subject': 'sh'},0
subject:evasive_sysdig:14427:1786490369037343239,{'subject': '.gnome-update'},0
subject:evasive_sysdig:14428:1786490369038098678,{'subject': 'sh'},0
subject:evasive_sysdig:14437:1786490493599042023,{'subject': '.gnome-update'},0
subject:evasive_sysdig:14438:1786490493599804158,{'subject': 'sh'},0
subject:evasive_sysdig:14446:1786490617382585494,{'subject': '.gnome-update'},0
subject:evasive_sysdig:14447:1786490617390022753,{'subject': 'sh'},0
subject:evasive_sysdig:15021:1786490805506374283,{'subject': '.gnome-update'},0
subject:evasive_sysdig:15022:1786490805507347337,{'subject': 'sh'},0
subject:evasive_sysdig:15356:1786490931119459283,{'subject': '.gnome-update'},0
subject:evasive_sysdig:15357:1786490931120250334,{'subject': 'sh'},0
subject:evasive_sysdig:15462:1786491023877850438,{'subject': '.gnome-update'},0
subject:evasive_sysdig:15463:1786491023878612640,{'subject': 'sh'},0
subject:evasive_sysdig:15542:1786491148408698962,{'subject': '.gnome-update'},0
subject:evasive_sysdig:15543:1786491148409858787,{'subject': 'sh'},0
subject:evasive_sysdig:15674:1786491271099825846,{'subject': '.gnome-update'},0
subject:evasive_sysdig:15675:1786491271100752705,{'subject': 'sh'},0
subject:evasive_sysdig:15685:1786491365829809857,{'subject': '.gnome-update'},0
subject:evasive_sysdig:15686:1786491365830992771,{'subject': 'sh'},0
subject:evasive_sysdig:15726:1786491488484392948,{'subject': '.gnome-update'},0
subject:evasive_sysdig:15727:1786491488485164715,{'subject': 'sh'},0
subject:evasive_sysdig:15842:1786491581017245998,{'subject': '.gnome-update'},0
subject:evasive_sysdig:15843:1786491581017985804,{'subject': 'sh'},0
subject:evasive_sysdig:15850:1786491706431698405,{'subject': '.gnome-update'},0
subject:evasive_sysdig:15851:1786491706433243506,{'subject': 'sh'},0
subject:evasive_sysdig:15894:1786491828699006236,{'subject': '.gnome-update'},0
subject:evasive_sysdig:15895:1786491828699721950,{'subject': 'sh'},0
subject:evasive_sysdig:15905:1786491921344006636,{'subject': '.gnome-update'},0
subject:evasive_sysdig:15906:1786491921344746511,{'subject': 'sh'},0
subject:evasive_sysdig:15914:1786492013558883834,{'subject': '.gnome-update'},0
subject:evasive_sysdig:15915:1786492013559585531,{'subject': 'sh'},0
subject:evasive_sysdig:15938:1786492135822851283,{'subject': '.gnome-update'},0
subject:evasive_sysdig:15939:1786492135824031593,{'subject': 'sh'},0
subject:evasive_sysdig:15964:1786492227903247931,{'subject': '.gnome-update'},0
subject:evasive_sysdig:15965:1786492227904063745,{'subject': 'sh'},0
subject:evasive_sysdig:16211:1786492351978001560,{'subject': '.gnome-update'},0
subject:evasive_sysdig:16212:1786492351978712208,{'subject': 'sh'},0
subject:evasive_sysdig:16358:1786492475376803627,{'subject': '.gnome-update'},0
subject:evasive_sysdig:16359:1786492475377787622,{'subject': 'sh'},0
subject:evasive_sysdig:16378:1786492569467919488,{'subject': '.gnome-update'},0
subject:evasive_sysdig:16379:1786492569468620871,{'subject': 'sh'},0
subject:evasive_sysdig:16528:1786492692218256004,{'subject': '.gnome-update'},0
subject:evasive_sysdig:16529:1786492692219666349,{'subject': 'sh'},0
subject:evasive_sysdig:16578:1786492785516797166,{'subject': '.gnome-update'},0
subject:evasive_sysdig:16579:1786492785517563018,{'subject': 'sh'},0
subject:evasive_sysdig:16708:1786492911564990081,{'subject': '.gnome-update'},0
subject:evasive_sysdig:16709:1786492911565760332,{'subject': 'sh'},0
subject:evasive_sysdig:16714:1786493036382966343,{'subject': '.gnome-update'},0
subject:evasive_sysdig:16715:1786493036383647140,{'subject': 'sh'},0
subject:evasive_sysdig:16716:1786493128659582750,{'subject': '.gnome-update'},0
subject:evasive_sysdig:16717:1786493128660277809,{'subject': 'sh'},0
subject:evasive_sysdig:16724:1786493253742927100,{'subject': '.gnome-update'},0
subject:evasive_sysdig:16725:1786493253744112666,{'subject': 'sh'},0
subject:evasive_sysdig:17087:1786493345458292194,{'subject': '.gnome-update'},0
subject:evasive_sysdig:17088:1786493345459254376,{'subject': 'sh'},0
subject:evasive_sysdig:17221:1786493470463947317,{'subject': '.gnome-update'},0
subject:evasive_sysdig:17222:1786493470464655667,{'subject': 'sh'},0
subject:evasive_sysdig:17331:1786493564633398871,{'subject': '.gnome-update'},0
subject:evasive_sysdig:17332:1786493564634445520,{'subject': 'sh'},0
subject:evasive_sysdig:17365:1786493688329962255,{'subject': '.gnome-update'},0
subject:evasive_sysdig:17366:1786493688330762607,{'subject': 'sh'},0
subject:evasive_sysdig:17444:1786493813331825406,{'subject': '.gnome-update'},0
subject:evasive_sysdig:17445:1786493813332724668,{'subject': 'sh'},0
subject:evasive_sysdig:17566:1786493907372465781,{'subject': '.gnome-update'},0
subject:evasive_sysdig:17567:1786493907373185365,{'subject': 'sh'},0
subject:evasive_sysdig:17649:1786494033380686955,{'subject': '.gnome-update'},0
subject:evasive_sysdig:17650:1786494033381317192,{'subject': 'sh'},0
subject:evasive_sysdig:17987:1786494158343430550,{'subject': '.gnome-update'},0
subject:evasive_sysdig:17988:1786494158344160771,{'subject': 'sh'},0
subject:evasive_sysdig:18071:1786494251018719365,{'subject': '.gnome-update'},0
subject:evasive_sysdig:18072:1786494251019600949,{'subject': 'sh'},0
subject:evasive_sysdig:18143:1786494374734498615,{'subject': '.gnome-update'},0
subject:evasive_sysdig:18144:1786494374735606468,{'subject': 'sh'},0
subject:evasive_sysdig:18245:1786494498376019393,{'subject': '.gnome-update'},0
subject:evasive_sysdig:18246:1786494498376955080,{'subject': 'sh'},0
subject:evasive_sysdig:18323:1786494590503101505,{'subject': '.gnome-update'},0
subject:evasive_sysdig:18324:1786494590503886216,{'subject': 'sh'},0
subject:evasive_sysdig:18453:1786494712602325110,{'subject': '.gnome-update'},0
subject:evasive_sysdig:18454:1786494712603221882,{'subject': 'sh'},0
subject:evasive_sysdig:18567:1786494837584029087,{'subject': '.gnome-update'},0
subject:evasive_sysdig:18568:1786494837584834393,{'subject': 'sh'},0
subject:evasive_sysdig:18644:1786494928221212642,{'subject': '.gnome-update'},0
subject:evasive_sysdig:18645:1786494928221883488,{'subject': 'sh'},0
subject:evasive_sysdig:18733:1786495053524274320,{'subject': '.gnome-update'},0
subject:evasive_sysdig:18734:1786495053525205928,{'subject': 'sh'},0
subject:evasive_sysdig:18751:1786495177416721959,{'subject': '.gnome-update'},0
subject:evasive_sysdig:18752:1786495177417497154,{'subject': 'sh'},0
subject:evasive_sysdig:18766:1786495272333369471,{'subject': '.gnome-update'},0
subject:evasive_sysdig:18767:1786495272334090946,{'subject': 'sh'},0
subject:evasive_sysdig:4713:1786482925812436334,{'subject': 'Isolated Web Co'},0
subject:evasive_sysdig:4765:1786482988638058083,{'subject': '31'},0
subject:evasive_sysdig:4766:1786482988638228276,{'subject': '31'},0
subject:evasive_sysdig:4810:1786483080594913170,{'subject': '31'},0
subject:evasive_sysdig:5064:1786483174531978327,{'subject': '31'},0
subject:evasive_sysdig:5382:1786483390314152964,{'subject': '31'},0
subject:evasive_sysdig:5383:1786483390315152392,{'subject': 'sh'},0
subject:evasive_sysdig:5448:1786483543782256792,{'subject': '31'},0
subject:evasive_sysdig:5449:1786483543793786922,{'subject': 'sh'},0
subject:evasive_sysdig:5450:1786483543794027274,{'subject': 'sh'},0
subject:evasive_sysdig:5451:1786483543801316236,{'subject': 'sh'},0
subject:evasive_sysdig:5452:1786483543803566708,{'subject': 'sh'},0
subject:evasive_sysdig:5453:1786483543806327823,{'subject': 'sh'},0
subject:evasive_sysdig:5454:1786483543808126090,{'subject': 'sh'},0
subject:evasive_sysdig:5455:1786483543808184702,{'subject': 'sh'},0
subject:evasive_sysdig:5468:1786483543835704795,{'subject': 'bash'},0
subject:evasive_sysdig:5469:1786483543857776219,{'subject': 'systemd'},0
subject:evasive_sysdig:5473:1786483543864877400,{'subject': 'sh'},0
subject:evasive_sysdig:5474:1786483546871648360,{'subject': 'sh'},0
subject:evasive_sysdig:5669:1786483791757390837,{'subject': '.gnome-update'},0
subject:evasive_sysdig:5670:1786483791757491239,{'subject': '.gnome-update'},0
subject:evasive_sysdig:5868:1786483979174442813,{'subject': '.gnome-update'},0
subject:evasive_sysdig:6046:1786484102578586055,{'subject': '.gnome-update'},0
subject:evasive_sysdig:6050:1786484195724129726,{'subject': '.gnome-update'},0
subject:evasive_sysdig:6277:1786484290752177518,{'subject': '.gnome-update'},0
subject:evasive_sysdig:6278:1786484290753176314,{'subject': 'sh'},0
subject:evasive_sysdig:6279:1786484290753308859,{'subject': 'sh'},0
subject:evasive_sysdig:6376:1786484382047492428,{'subject': '.gnome-update'},0
subject:evasive_sysdig:6439:1786484473312229058,{'subject': '.gnome-update'},0
subject:evasive_sysdig:7091:1786484596976713036,{'subject': '.gnome-update'},0
subject:evasive_sysdig:7147:1786484690585871165,{'subject': '.gnome-update'},0
subject:evasive_sysdig:7148:1786484690587755715,{'subject': 'sh'},0
subject:evasive_sysdig:7149:1786484690588379147,{'subject': 'sh'},0
subject:evasive_sysdig:7150:1786484690588446498,{'subject': 'sh'},0
subject:evasive_sysdig:7768:1786484906725353146,{'subject': '.gnome-update'},0
subject:evasive_sysdig:7892:1786484999377205458,{'subject': '.gnome-update'},0
subject:evasive_sysdig:7893:1786484999378683634,{'subject': 'sh'},0
subject:evasive_sysdig:7930:1786485090840886809,{'subject': '.gnome-update'},0
subject:evasive_sysdig:8173:1786485183343083920,{'subject': '.gnome-update'},0
subject:evasive_sysdig:8174:1786485183343971182,{'subject': 'sh'},0
subject:evasive_sysdig:8479:1786485308478717786,{'subject': '.gnome-update'},0
subject:evasive_sysdig:8480:1786485308479721662,{'subject': 'sh'},0
subject:evasive_sysdig:8606:1786485401939036571,{'subject': '.gnome-update'},0
subject:evasive_sysdig:8607:1786485401940690516,{'subject': 'sh'},0
subject:evasive_sysdig:8613:1786485526379233886,{'subject': '.gnome-update'},0
subject:evasive_sysdig:8614:1786485526379852113,{'subject': 'sh'},0
subject:evasive_sysdig:8756:1786485621188643492,{'subject': '.gnome-update'},0
subject:evasive_sysdig:8757:1786485621190947462,{'subject': 'sh'},0
subject:evasive_sysdig:9155:1786485742938935967,{'subject': '.gnome-update'},0
subject:evasive_sysdig:9156:1786485742941132740,{'subject': 'sh'},0
subject:evasive_sysdig:9235:1786485836465087711,{'subject': '.gnome-update'},0
subject:evasive_sysdig:9236:1786485836465822272,{'subject': 'sh'},0
subject:evasive_sysdig:9366:1786485961629200103,{'subject': '.gnome-update'},0
subject:evasive_sysdig:9367:1786485961630086569,{'subject': 'sh'},0
subject:evasive_sysdig:9420:1786486085316450016,{'subject': '.gnome-update'},0
subject:evasive_sysdig:9421:1786486085317498379,{'subject': 'sh'},0
subject:evasive_sysdig:9426:1786486178530477994,{'subject': '.gnome-update'},0
subject:evasive_sysdig:9427:1786486178531323098,{'subject': 'sh'},0
subject:evasive_sysdig:9441:1786486303578397311,{'subject': '.gnome-update'},0
subject:evasive_sysdig:9442:1786486303579196100,{'subject': 'sh'},0
subject:evasive_sysdig:9453:1786486426017742319,{'subject': '.gnome-update'},0
subject:evasive_sysdig:9454:1786486426018405279,{'subject': 'sh'},0
subject:evasive_sysdig:9478:1786486519609435418,{'subject': '.gnome-update'},0
subject:evasive_sysdig:9479:1786486519610436813,{'subject': 'sh'},0
subject:evasive_sysdig:9965:1786486644513966299,{'subject': '.gnome-update'},0
subject:evasive_sysdig:9966:1786486644514668601,{'subject': 'sh'},0
