subject:10109:1786486736934645718,{'subject': '.gnome-update'},20458882
subject:10110:1786486736935561840,{'subject': 'sh'},20458885
subject:10762:1786486832392630460,{'subject': '.gnome-update'},20483987
subject:10763:1786486832393367157,{'subject': 'sh'},20483990
subject:10820:1786486958329988632,{'subject': '.gnome-update'},20484971
subject:10821:1786486958334874473,{'subject': 'sh'},20484975
subject:10854:1786487053604322360,{'subject': '.gnome-update'},20486192
subject:10855:1786487053604998914,{'subject': 'sh'},20486195
subject:11104:1786487175515208190,{'subject': '.gnome-update'},20497834
subject:11105:1786487175515838297,{'subject': 'sh'},20497838
subject:11127:1786487270867186243,{'subject': '.gnome-update'},20497922
subject:11128:1786487270868605583,{'subject': 'sh'},20497926
subject:11690:1786487393955851797,{'subject': '.gnome-update'},20519142
subject:11691:1786487393956994802,{'subject': 'sh'},20519146
subject:11792:1786487486188188857,{'subject': '.gnome-update'},20522270
subject:11793:1786487486189279360,{'subject': 'sh'},20522274
subject:11824:1786487609675228486,{'subject': '.gnome-update'},20522627
subject:11825:1786487609675981117,{'subject': 'sh'},20522631
subject:11878:1786487703104196861,{'subject': '.gnome-update'},20523467
subject:11879:1786487703105182287,{'subject': 'sh'},20523470
subject:11906:1786487827374747526,{'subject': '.gnome-update'},20523783
subject:11907:1786487827375657692,{'subject': 'sh'},20523786
subject:11927:1786487919435790284,{'subject': '.gnome-update'},20524052
subject:11928:1786487919436948927,{'subject': 'sh'},20524057
subject:11945:1786488044495914002,{'subject': '.gnome-update'},20524353
subject:11946:1786488044496739705,{'subject': 'sh'},20524357
subject:11963:1786488167384304787,{'subject': '.gnome-update'},20524638
subject:11964:1786488167385036625,{'subject': 'sh'},20524642
subject:11996:1786488262903800550,{'subject': '.gnome-update'},20525259
subject:11997:1786488262905298061,{'subject': 'sh'},20525264
subject:12147:1786488385763484538,{'subject': '.gnome-update'},20529435
subject:12148:1786488385765159024,{'subject': 'sh'},20529439
subject:12202:1786488479992224099,{'subject': '.gnome-update'},20531686
subject:12203:1786488479993070902,{'subject': 'sh'},20531690
subject:12657:1786488604742766505,{'subject': '.gnome-update'},20548235
subject:12658:1786488604744068102,{'subject': 'sh'},20548239
subject:12679:1786488697343887255,{'subject': '.gnome-update'},20548654
subject:12680:1786488697345517353,{'subject': 'sh'},20548658
subject:12754:1786488821911059881,{'subject': '.gnome-update'},20550819
subject:12755:1786488821912729122,{'subject': 'sh'},20550823
subject:13190:1786488947570927055,{'subject': '.gnome-update'},20566103
subject:13191:1786488947571977928,{'subject': 'sh'},20566107
subject:13245:1786489039858023437,{'subject': '.gnome-update'},20567961
subject:13246:1786489039858870722,{'subject': 'sh'},20567965
subject:13418:1786489161842061430,{'subject': '.gnome-update'},20573521
subject:13419:1786489161843514174,{'subject': 'sh'},20573525
subject:13569:1786489255589660305,{'subject': '.gnome-update'},20577580
subject:13570:1786489255590418989,{'subject': 'sh'},20577584
subject:13578:1786489380193448782,{'subject': '.gnome-update'},20577647
subject:13579:1786489380194171594,{'subject': 'sh'},20577651
subject:13635:1786489471887016177,{'subject': '.gnome-update'},20578576
subject:13636:1786489471887876653,{'subject': 'sh'},20578579
subject:13658:1786489595688727080,{'subject': '.gnome-update'},20579047
subject:13659:1786489595689488610,{'subject': 'sh'},20579051
subject:13819:1786489719546891118,{'subject': '.gnome-update'},20586115
subject:13820:1786489719547778938,{'subject': 'sh'},20586119
subject:13841:1786489812171452867,{'subject': '.gnome-update'},20586191
subject:13842:1786489812173334872,{'subject': 'sh'},20586195
subject:13972:1786489937905070790,{'subject': '.gnome-update'},20589366
subject:13973:1786489937906021221,{'subject': 'sh'},20589370
subject:14024:1786490060035110895,{'subject': '.gnome-update'},20590610
subject:14025:1786490060035801374,{'subject': 'sh'},20590614
subject:14311:1786490153278207569,{'subject': '.gnome-update'},20599267
subject:14312:1786490153278979606,{'subject': 'sh'},20599271
subject:14388:1786490276420528776,{'subject': '.gnome-update'},20601368
subject:14389:1786490276421273498,{'subject': 'sh'},20601372
subject:14427:1786490369037343239,{'subject': '.gnome-update'},20602621
subject:14428:1786490369038098678,{'subject': 'sh'},20602624
subject:14437:1786490493599042023,{'subject': '.gnome-update'},20602693
subject:14438:1786490493599804158,{'subject': 'sh'},20602697
subject:14446:1786490617382585494,{'subject': '.gnome-update'},20602748
subject:14447:1786490617390022753,{'subject': 'sh'},20602751
subject:15021:1786490805506374283,{'subject': '.gnome-update'},20621876
subject:15022:1786490805507347337,{'subject': 'sh'},20621880
subject:15356:1786490931119459283,{'subject': '.gnome-update'},20632998
subject:15357:1786490931120250334,{'subject': 'sh'},20633002
subject:15462:1786491023877850438,{'subject': '.gnome-update'},20637921
subject:15463:1786491023878612640,{'subject': 'sh'},20637925
subject:15542:1786491148408698962,{'subject': '.gnome-update'},20639627
subject:15543:1786491148409858787,{'subject': 'sh'},20639631
subject:15674:1786491271099825846,{'subject': '.gnome-update'},20643282
subject:15675:1786491271100752705,{'subject': 'sh'},20643286
subject:15685:1786491365829809857,{'subject': '.gnome-update'},20643356
subject:15686:1786491365830992771,{'subject': 'sh'},20643360
subject:15726:1786491488484392948,{'subject': '.gnome-update'},20644027
subject:15727:1786491488485164715,{'subject': 'sh'},20644031
subject:15842:1786491581017245998,{'subject': '.gnome-update'},20647155
subject:15843:1786491581017985804,{'subject': 'sh'},20647159
subject:15850:1786491706431698405,{'subject': '.gnome-update'},20647219
subject:15851:1786491706433243506,{'subject': 'sh'},20647223
subject:15894:1786491828699006236,{'subject': '.gnome-update'},20647892
subject:15895:1786491828699721950,{'subject': 'sh'},20647896
subject:15905:1786491921344006636,{'subject': '.gnome-update'},20647948
subject:15906:1786491921344746511,{'subject': 'sh'},20647952
subject:15914:1786492013558883834,{'subject': '.gnome-update'},20648143
subject:15915:1786492013559585531,{'subject': 'sh'},20648146
subject:15938:1786492135822851283,{'subject': '.gnome-update'},20648603
subject:15939:1786492135824031593,{'subject': 'sh'},20648606
subject:15964:1786492227903247931,{'subject': '.gnome-update'},20649200
subject:15965:1786492227904063745,{'subject': 'sh'},20649204
subject:16211:1786492351978001560,{'subject': '.gnome-update'},20654424
subject:16212:1786492351978712208,{'subject': 'sh'},20654428
subject:16358:1786492475376803627,{'subject': '.gnome-update'},20660758
subject:16359:1786492475377787622,{'subject': 'sh'},20660762
subject:16378:1786492569467919488,{'subject': '.gnome-update'},20661441
subject:16379:1786492569468620871,{'subject': 'sh'},20661445
subject:16528:1786492692218256004,{'subject': '.gnome-update'},20667189
subject:16529:1786492692219666349,{'subject': 'sh'},20667194
subject:16578:1786492785516797166,{'subject': '.gnome-update'},20668118
subject:16579:1786492785517563018,{'subject': 'sh'},20668122
subject:16708:1786492911564990081,{'subject': '.gnome-update'},20671586
subject:16709:1786492911565760332,{'subject': 'sh'},20671590
subject:16714:1786493036382966343,{'subject': '.gnome-update'},20671636
subject:16715:1786493036383647140,{'subject': 'sh'},20671640
subject:16716:1786493128659582750,{'subject': '.gnome-update'},20671674
subject:16717:1786493128660277809,{'subject': 'sh'},20671678
subject:16724:1786493253742927100,{'subject': '.gnome-update'},20671730
subject:16725:1786493253744112666,{'subject': 'sh'},20671734
subject:17087:1786493345458292194,{'subject': '.gnome-update'},20683877
subject:17088:1786493345459254376,{'subject': 'sh'},20683881
subject:17221:1786493470463947317,{'subject': '.gnome-update'},20687752
subject:17222:1786493470464655667,{'subject': 'sh'},20687755
subject:17331:1786493564633398871,{'subject': '.gnome-update'},20691986
subject:17332:1786493564634445520,{'subject': 'sh'},20691990
subject:17365:1786493688329962255,{'subject': '.gnome-update'},20693193
subject:17366:1786493688330762607,{'subject': 'sh'},20693197
subject:17444:1786493813331825406,{'subject': '.gnome-update'},20695322
subject:17445:1786493813332724668,{'subject': 'sh'},20695325
subject:17566:1786493907372465781,{'subject': '.gnome-update'},20698917
subject:17567:1786493907373185365,{'subject': 'sh'},20698920
subject:17649:1786494033380686955,{'subject': '.gnome-update'},20700202
subject:17650:1786494033381317192,{'subject': 'sh'},20700206
subject:17987:1786494158343430550,{'subject': '.gnome-update'},20711042
subject:17988:1786494158344160771,{'subject': 'sh'},20711046
subject:18071:1786494251018719365,{'subject': '.gnome-update'},20715134
subject:18072:1786494251019600949,{'subject': 'sh'},20715138
subject:18143:1786494374734498615,{'subject': '.gnome-update'},20716781
subject:18144:1786494374735606468,{'subject': 'sh'},20716784
subject:18245:1786494498376019393,{'subject': '.gnome-update'},20719466
subject:18246:1786494498376955080,{'subject': 'sh'},20719470
subject:18323:1786494590503101505,{'subject': '.gnome-update'},20721562
subject:18324:1786494590503886216,{'subject': 'sh'},20721566
subject:18453:1786494712602325110,{'subject': '.gnome-update'},20724964
subject:18454:1786494712603221882,{'subject': 'sh'},20724968
subject:18567:1786494837584029087,{'subject': '.gnome-update'},20729609
subject:18568:1786494837584834393,{'subject': 'sh'},20729613
subject:18644:1786494928221212642,{'subject': '.gnome-update'},20732155
subject:18645:1786494928221883488,{'subject': 'sh'},20732158
subject:18733:1786495053524274320,{'subject': '.gnome-update'},20734229
subject:18734:1786495053525205928,{'subject': 'sh'},20734232
subject:18751:1786495177416721959,{'subject': '.gnome-update'},20734312
subject:18752:1786495177417497154,{'subject': 'sh'},20734316
subject:18766:1786495272333369471,{'subject': '.gnome-update'},20734422
subject:18767:1786495272334090946,{'subject': 'sh'},20734426
subject:4713:1786482925812436334,{'subject': 'Isolated Web Co'},20275547
subject:4765:1786482988638058083,{'subject': '31'},20276339
subject:4766:1786482988638228276,{'subject': '31'},20276340
subject:4810:1786483080594913170,{'subject': '31'},20277237
subject:5064:1786483174531978327,{'subject': '31'},20282761
subject:5382:1786483390314152964,{'subject': '31'},20297018
subject:5383:1786483390315152392,{'subject': 'sh'},20297031
subject:5448:1786483543782256792,{'subject': '31'},20299145
subject:5449:1786483543793786922,{'subject': 'sh'},20299160
subject:5450:1786483543794027274,{'subject': 'sh'},20299161
subject:5451:1786483543801316236,{'subject': 'sh'},20299204
subject:5452:1786483543803566708,{'subject': 'sh'},20299245
subject:5453:1786483543806327823,{'subject': 'sh'},20299287
subject:5454:1786483543808126090,{'subject': 'sh'},20299332
subject:5455:1786483543808184702,{'subject': 'sh'},20299329
subject:5468:1786483543835704795,{'subject': 'bash'},20299585
subject:5469:1786483543857776219,{'subject': 'systemd'},20299640
subject:5473:1786483543864877400,{'subject': 'sh'},20299656
subject:5474:1786483546871648360,{'subject': 'sh'},20299732
subject:5669:1786483791757390837,{'subject': '.gnome-update'},20307386
subject:5670:1786483791757491239,{'subject': '.gnome-update'},20307387
subject:5868:1786483979174442813,{'subject': '.gnome-update'},20314760
subject:6046:1786484102578586055,{'subject': '.gnome-update'},20320069
subject:6050:1786484195724129726,{'subject': '.gnome-update'},20321025
subject:6277:1786484290752177518,{'subject': '.gnome-update'},20329094
subject:6278:1786484290753176314,{'subject': 'sh'},20329129
subject:6279:1786484290753308859,{'subject': 'sh'},20329097
subject:6376:1786484382047492428,{'subject': '.gnome-update'},20334061
subject:6439:1786484473312229058,{'subject': '.gnome-update'},20336688
subject:7091:1786484596976713036,{'subject': '.gnome-update'},20359474
subject:7147:1786484690585871165,{'subject': '.gnome-update'},20361161
subject:7148:1786484690587755715,{'subject': 'sh'},20361164
subject:7149:1786484690588379147,{'subject': 'sh'},20361167
subject:7150:1786484690588446498,{'subject': 'sh'},20361168
subject:7768:1786484906725353146,{'subject': '.gnome-update'},20381995
subject:7892:1786484999377205458,{'subject': '.gnome-update'},20386013
subject:7893:1786484999378683634,{'subject': 'sh'},20386017
subject:7930:1786485090840886809,{'subject': '.gnome-update'},20387367
subject:8173:1786485183343083920,{'subject': '.gnome-update'},20392689
subject:8174:1786485183343971182,{'subject': 'sh'},20392692
subject:8479:1786485308478717786,{'subject': '.gnome-update'},20404671
subject:8480:1786485308479721662,{'subject': 'sh'},20404674
subject:8606:1786485401939036571,{'subject': '.gnome-update'},20410175
subject:8607:1786485401940690516,{'subject': 'sh'},20410180
subject:8613:1786485526379233886,{'subject': '.gnome-update'},20410237
subject:8614:1786485526379852113,{'subject': 'sh'},20410241
subject:8756:1786485621188643492,{'subject': '.gnome-update'},20414748
subject:8757:1786485621190947462,{'subject': 'sh'},20414752
subject:9155:1786485742938935967,{'subject': '.gnome-update'},20425887
subject:9156:1786485742941132740,{'subject': 'sh'},20425891
subject:9235:1786485836465087711,{'subject': '.gnome-update'},20430496
subject:9236:1786485836465822272,{'subject': 'sh'},20430500
subject:9366:1786485961629200103,{'subject': '.gnome-update'},20435380
subject:9367:1786485961630086569,{'subject': 'sh'},20435383
subject:9420:1786486085316450016,{'subject': '.gnome-update'},20435962
subject:9421:1786486085317498379,{'subject': 'sh'},20435966
subject:9426:1786486178530477994,{'subject': '.gnome-update'},20436029
subject:9427:1786486178531323098,{'subject': 'sh'},20436033
subject:9441:1786486303578397311,{'subject': '.gnome-update'},20436127
subject:9442:1786486303579196100,{'subject': 'sh'},20436131
subject:9453:1786486426017742319,{'subject': '.gnome-update'},20436198
subject:9454:1786486426018405279,{'subject': 'sh'},20436202
subject:9478:1786486519609435418,{'subject': '.gnome-update'},20436501
subject:9479:1786486519610436813,{'subject': 'sh'},20436505
subject:9965:1786486644513966299,{'subject': '.gnome-update'},20454553
subject:9966:1786486644514668601,{'subject': 'sh'},20454557
