subject:3775:1786534404707883544,{'subject': 'Isolated Web Co'},19836379
subject:3785:1786534467831704684,{'subject': '27'},19836470
subject:3786:1786534467831821663,{'subject': '27'},19836471
subject:3793:1786534560745814291,{'subject': '27'},19836577
subject:3802:1786534654298782361,{'subject': '27'},19836709
subject:3828:1786534839357965457,{'subject': '27'},19837273
subject:3829:1786534839359317420,{'subject': 'sh'},19837286
subject:3923:1786534962276016862,{'subject': '27'},19839482
subject:3939:1786535055637523645,{'subject': '27'},19839595
subject:3971:1786535149095302573,{'subject': '27'},19840262
subject:3972:1786535149104506985,{'subject': 'sh'},19840277
subject:3973:1786535149104629473,{'subject': 'sh'},19840278
subject:3974:1786535149110578564,{'subject': 'sh'},19840321
subject:3975:1786535149111614870,{'subject': 'sh'},19840362
subject:3976:1786535149112748056,{'subject': 'sh'},19840404
subject:3977:1786535149113894991,{'subject': 'sh'},19840446
subject:3978:1786535149113985342,{'subject': 'sh'},19840447
subject:3992:1786535149147651091,{'subject': 'bash'},19840717
subject:3993:1786535149168059980,{'subject': 'systemd'},19840772
subject:3995:1786535149171244420,{'subject': 'sh'},19840784
subject:4001:1786535152173819184,{'subject': 'sh'},19840878
subject:4293:1786535430587242987,{'subject': '.gnome-update'},19850983
subject:4294:1786535430587568931,{'subject': '.gnome-update'},19850984
subject:4401:1786535616121006991,{'subject': '.gnome-update'},19853207
subject:4556:1786535835414694073,{'subject': '.gnome-update'},19856779
subject:4569:1786535928835610338,{'subject': '.gnome-update'},19856934
subject:4576:1786536022374871062,{'subject': '.gnome-update'},19857027
subject:4577:1786536022375776352,{'subject': 'sh'},19857030
subject:4578:1786536022375876124,{'subject': 'sh'},19857031
subject:4638:1786536113785581559,{'subject': '.gnome-update'},19858548
subject:4735:1786536207380778717,{'subject': '.gnome-update'},19863074
subject:4777:1786536332563350324,{'subject': '.gnome-update'},19864801
subject:4847:1786536425385622529,{'subject': '.gnome-update'},19866560
subject:4873:1786536517691751213,{'subject': '.gnome-update'},19866770
subject:4884:1786536611635026261,{'subject': '.gnome-update'},19866891
subject:4885:1786536611635852670,{'subject': 'sh'},19866895
subject:4924:1786536734001683155,{'subject': '.gnome-update'},19868028
subject:5045:1786536827232988490,{'subject': '.gnome-update'},19871372
subject:5046:1786536827234440923,{'subject': 'sh'},19871375
