subject:4053:1786505175233867809,{'subject': 'bash'},18657935
subject:4054:1786505175234078877,{'subject': 'bash'},18657936
subject:4056:1786505175331150800,{'subject': 'bash'},18658044
subject:4072:1786505192919570675,{'subject': 'bash'},18658404
subject:4073:1786505192929961330,{'subject': 'bash'},18658435
subject:4074:1786505192937688061,{'subject': 'bash'},18658469
subject:4077:1786505193202605893,{'subject': 'bash'},18658553
subject:4078:1786505193205047033,{'subject': 'bash'},18658584
subject:4086:1786505194207036042,{'subject': 'bash'},18658962
subject:4087:1786505194207192733,{'subject': 'bash'},18658963
subject:4097:1786505231403343771,{'subject': 'security-update'},18659090
subject:4098:1786505231403444167,{'subject': 'security-update'},18659091
subject:4100:1786505232832117209,{'subject': 'security-update'},18659138
subject:4101:1786505234322390260,{'subject': 'security-update'},18659184
subject:4104:1786505235971078676,{'subject': 'security-update'},18659232
subject:4105:1786505237439409306,{'subject': 'security-update'},18659235
subject:4106:1786505239073982650,{'subject': 'security-update'},18659245
subject:4132:1786505242307934637,{'subject': 'security-update'},18660626
subject:4183:1786505275662570033,{'subject': 'security-update'},18662943
subject:4184:1786505277425769631,{'subject': 'security-update'},18662982
subject:4188:1786505291050595602,{'subject': 'security-update'},18663039
subject:4189:1786505292560332181,{'subject': 'security-update'},18663049
subject:4190:1786505295655520468,{'subject': 'security-update'},18663059
subject:4191:1786505295656422200,{'subject': 'sh'},18663062
subject:4192:1786505295658757619,{'subject': 'sh'},18663093
subject:4193:1786505295658859436,{'subject': 'sh'},18666629
subject:4194:1786505295659051236,{'subject': 'sh'},18663095
subject:4195:1786505295663016922,{'subject': 'sh'},18666061
subject:4196:1786505295663106263,{'subject': 'sh'},18663133
subject:4197:1786505295663201163,{'subject': 'sh'},18663135
subject:4198:1786505295663308678,{'subject': 'sh'},18663137
subject:4199:1786505295663403428,{'subject': 'sh'},18663139
subject:4200:1786505295663961552,{'subject': 'sh'},18663141
subject:4201:1786505295663495468,{'subject': 'sh'},18663770
subject:4202:1786505295663594592,{'subject': 'sh'},18663782
subject:4203:1786505295663686261,{'subject': 'sh'},18663804
subject:4204:1786505295675899166,{'subject': 'sh'},18663252
subject:4205:1786505295671146140,{'subject': 'sh'},18663147
subject:4206:1786505295663832303,{'subject': 'sh'},18665517
subject:4207:1786505295663925723,{'subject': 'sh'},18663213
subject:4208:1786505295779131159,{'subject': 'sh'},18665519
subject:4209:1786505295664015941,{'subject': 'sh'},18663215
subject:4210:1786505295664104287,{'subject': 'sh'},18663217
subject:4211:1786505295664208353,{'subject': 'sh'},18663219
subject:4212:1786505295664300559,{'subject': 'sh'},18663221
subject:4213:1786505295664391577,{'subject': 'sh'},18663223
subject:4214:1786505295664478941,{'subject': 'sh'},18663225
subject:4215:1786505295664567980,{'subject': 'sh'},18663227
subject:4216:1786505295664651595,{'subject': 'sh'},18663229
subject:4217:1786505295664754196,{'subject': 'sh'},18663339
subject:4218:1786505295664840491,{'subject': 'sh'},18663350
subject:4219:1786505295664925812,{'subject': 'sh'},18663367
subject:4220:1786505295665005986,{'subject': 'sh'},18663373
subject:4221:1786505295665098233,{'subject': 'sh'},18663378
subject:4222:1786505295665179936,{'subject': 'sh'},18663416
subject:4223:1786505295665263098,{'subject': 'sh'},18663421
subject:4224:1786505295665351514,{'subject': 'sh'},18663423
subject:4225:1786505295665441698,{'subject': 'sh'},18663231
subject:4226:1786505295665536017,{'subject': 'sh'},18663233
subject:4227:1786505295665619853,{'subject': 'sh'},18663235
subject:4228:1786505295665708088,{'subject': 'sh'},18663237
subject:4229:1786505295665830672,{'subject': 'sh'},18663239
subject:4230:1786505295665920389,{'subject': 'sh'},18663241
subject:4231:1786505295666015644,{'subject': 'sh'},18663243
subject:4232:1786505295666098892,{'subject': 'sh'},18663245
subject:4233:1786505295666187115,{'subject': 'sh'},18663425
subject:4234:1786505295666271833,{'subject': 'sh'},18663472
subject:4235:1786505295666359348,{'subject': 'sh'},18663493
subject:4236:1786505295666444184,{'subject': 'sh'},18663496
subject:4237:1786505295666537977,{'subject': 'sh'},18663247
subject:4238:1786505295666619524,{'subject': 'sh'},18663249
subject:4239:1786505295666702425,{'subject': 'sh'},18663251
subject:4240:1786505295666797097,{'subject': 'sh'},18663254
subject:4241:1786505295667007690,{'subject': 'sh'},18663256
subject:4242:1786505295667108232,{'subject': 'sh'},18663261
subject:4243:1786505295667193227,{'subject': 'sh'},18663265
subject:4244:1786505295667279953,{'subject': 'sh'},18663267
subject:4245:1786505295667378075,{'subject': 'sh'},18663269
subject:4246:1786505295667463363,{'subject': 'sh'},18663500
subject:4247:1786505295667558786,{'subject': 'sh'},18663502
subject:4248:1786505295667646624,{'subject': 'sh'},18663540
subject:4249:1786505295667749937,{'subject': 'sh'},18663546
subject:4250:1786505295667839913,{'subject': 'sh'},18663585
subject:4251:1786505295667928257,{'subject': 'sh'},18663588
subject:4252:1786505295668017901,{'subject': 'sh'},18663590
subject:4253:1786505295668108454,{'subject': 'sh'},18663594
subject:4254:1786505295668191600,{'subject': 'sh'},18663599
subject:4255:1786505295668279420,{'subject': 'sh'},18663280
subject:4256:1786505295668381161,{'subject': 'sh'},18663297
subject:4257:1786505295668477112,{'subject': 'sh'},18663303
subject:4258:1786505295668563784,{'subject': 'sh'},18663307
subject:4259:1786505295668649451,{'subject': 'sh'},18663309
subject:4260:1786505295668747455,{'subject': 'sh'},18663311
subject:4261:1786505295668838142,{'subject': 'sh'},18663313
subject:4262:1786505295668927674,{'subject': 'sh'},18663315
subject:4263:1786505295669010666,{'subject': 'sh'},18663317
subject:4264:1786505295669092202,{'subject': 'sh'},18663319
subject:4265:1786505295669179758,{'subject': 'sh'},18663321
subject:4266:1786505295669267380,{'subject': 'sh'},18663323
subject:4267:1786505295669361278,{'subject': 'sh'},18663325
subject:4268:1786505295669443548,{'subject': 'sh'},18663327
subject:4269:1786505295669528245,{'subject': 'sh'},18663329
subject:4270:1786505295669607447,{'subject': 'sh'},18663331
subject:4271:1786505295669694218,{'subject': 'sh'},18663637
subject:4272:1786505295669796003,{'subject': 'sh'},18663639
subject:4273:1786505295669890689,{'subject': 'sh'},18663642
subject:4274:1786505295669969715,{'subject': 'sh'},18663654
subject:4275:1786505295670048193,{'subject': 'sh'},18663754
subject:4276:1786505295670125664,{'subject': 'sh'},18663758
subject:4277:1786505295670212962,{'subject': 'sh'},18663762
subject:4278:1786505295670310257,{'subject': 'sh'},18663765
subject:4279:1786505295670413178,{'subject': 'sh'},18663767
subject:4280:1786505295670504417,{'subject': 'sh'},18663799
subject:4281:1786505295670605402,{'subject': 'sh'},18663808
subject:4282:1786505295670701723,{'subject': 'sh'},18663815
subject:4283:1786505295670836936,{'subject': 'sh'},18665723
subject:4284:1786505295718898487,{'subject': 'sh'},18664173
subject:4285:1786505295705929207,{'subject': 'sh'},18663946
subject:4286:1786505295760174180,{'subject': 'sh'},18665073
subject:4287:1786505295712041391,{'subject': 'sh'},18664090
subject:4288:1786505295758646338,{'subject': 'sh'},18665036
subject:4289:1786505295739567772,{'subject': 'sh'},18664561
subject:4290:1786505295710677966,{'subject': 'sh'},18664089
subject:4291:1786505295705813851,{'subject': 'sh'},18663938
subject:4292:1786505295686285710,{'subject': 'sh'},18663499
subject:4293:1786505295761633975,{'subject': 'sh'},18665124
subject:4294:1786505295682900203,{'subject': 'sh'},18663413
subject:4295:1786505295701410272,{'subject': 'sh'},18663849
subject:4296:1786505295762929216,{'subject': 'sh'},18665180
subject:4297:1786505295717814869,{'subject': 'sh'},18664166
subject:4298:1786505295742262197,{'subject': 'sh'},18664633
subject:4299:1786505295767024619,{'subject': 'sh'},18665278
subject:4300:1786505295681458350,{'subject': 'sh'},18663377
subject:4301:1786505295701466461,{'subject': 'sh'},18663851
subject:4302:1786505295778847194,{'subject': 'sh'},18665516
subject:4303:1786505295725891280,{'subject': 'sh'},18664324
subject:4304:1786505295774929561,{'subject': 'sh'},18665408
subject:4305:1786505295774637713,{'subject': 'sh'},18665407
subject:4306:1786505295768379722,{'subject': 'sh'},18665314
subject:4307:1786505295722961516,{'subject': 'sh'},18664252
subject:4308:1786505295769593427,{'subject': 'sh'},18665350
subject:4309:1786505295777440939,{'subject': 'sh'},18665480
subject:4310:1786505295726899428,{'subject': 'sh'},18664331
subject:4311:1786505295765791975,{'subject': 'sh'},18665254
subject:4312:1786505295764311875,{'subject': 'sh'},18665216
subject:4313:1786505295773906736,{'subject': 'sh'},18665401
subject:4314:1786505295757122574,{'subject': 'sh'},18665000
subject:4315:1786505295720401385,{'subject': 'sh'},18664209
subject:4316:1786505295728394255,{'subject': 'sh'},18664367
subject:4317:1786505295758910362,{'subject': 'sh'},18665037
subject:4318:1786505295687993783,{'subject': 'sh'},18663539
subject:4319:1786505295740978080,{'subject': 'sh'},18664597
subject:4320:1786505295776029247,{'subject': 'sh'},18665414
subject:4321:1786505295684553524,{'subject': 'sh'},18663457
subject:4322:1786505295679757035,{'subject': 'sh'},18663333
subject:4323:1786505295724411249,{'subject': 'sh'},18664288
subject:4324:1786505295721870072,{'subject': 'sh'},18664245
subject:4325:1786505295771165626,{'subject': 'sh'},18665386
subject:4326:1786505295753669614,{'subject': 'sh'},18664904
subject:4327:1786505295752167827,{'subject': 'sh'},18664855
subject:4328:1786505295751360570,{'subject': 'sh'},18664830
subject:4329:1786505295749782747,{'subject': 'sh'},18664789
subject:4330:1786505295748356892,{'subject': 'sh'},18664753
subject:4331:1786505295747022061,{'subject': 'sh'},18664717
subject:4332:1786505295746124233,{'subject': 'sh'},18664711
subject:4333:1786505295744463539,{'subject': 'sh'},18664675
subject:4334:1786505295742963836,{'subject': 'sh'},18664639
subject:4335:1786505295750647772,{'subject': 'sh'},18664797
subject:4336:1786505295750930917,{'subject': 'sh'},18664811
subject:4337:1786505295760576763,{'subject': 'sh'},18665078
subject:4338:1786505295765278342,{'subject': 'sh'},18665229
subject:4339:1786505295765411433,{'subject': 'sh'},18665243
subject:4340:1786505295689910179,{'subject': 'sh'},18663579
subject:4341:1786505295690946413,{'subject': 'sh'},18663587
subject:4342:1786505295692575086,{'subject': 'sh'},18663631
subject:4343:1786505295694198877,{'subject': 'sh'},18663675
subject:4344:1786505295694965820,{'subject': 'sh'},18663681
subject:4345:1786505295696514465,{'subject': 'sh'},18663717
subject:4346:1786505295698087235,{'subject': 'sh'},18663753
subject:4347:1786505295699743208,{'subject': 'sh'},18663807
subject:4348:1786505295701297159,{'subject': 'sh'},18663847
subject:4349:1786505295701394322,{'subject': 'sh'},18663848
subject:4350:1786505295701429461,{'subject': 'sh'},18663850
subject:4351:1786505295702901738,{'subject': 'sh'},18663885
subject:4352:1786505295704611944,{'subject': 'sh'},18663921
subject:4353:1786505295709080526,{'subject': 'sh'},18664052
subject:4354:1786505295710595409,{'subject': 'sh'},18664088
subject:4355:1786505295714587036,{'subject': 'sh'},18664129
subject:4356:1786505295734099523,{'subject': 'sh'},18664490
subject:4357:1786505295734897933,{'subject': 'sh'},18664496
subject:4358:1786505295799704439,{'subject': 'sh'},18666069
subject:4359:1786505295735719060,{'subject': 'sh'},18664502
subject:4360:1786505295805598026,{'subject': 'sh'},18666115
subject:4361:1786505295823679120,{'subject': 'sh'},18666503
subject:4362:1786505295782115193,{'subject': 'sh'},18665590
subject:4363:1786505295805522455,{'subject': 'sh'},18666114
subject:4364:1786505295788168148,{'subject': 'sh'},18666169
subject:4365:1786505295788252347,{'subject': 'sh'},18666171
subject:4366:1786505295788335538,{'subject': 'sh'},18666173
subject:4367:1786505295788410533,{'subject': 'sh'},18666175
subject:4368:1786505295788488029,{'subject': 'sh'},18666177
subject:4369:1786505295798287856,{'subject': 'sh'},18666179
subject:4370:1786505295807881812,{'subject': 'sh'},18666181
subject:4371:1786505295799895941,{'subject': 'sh'},18666224
subject:4372:1786505295800009244,{'subject': 'sh'},18666226
subject:4373:1786505295800091473,{'subject': 'sh'},18666228
subject:4374:1786505295800182647,{'subject': 'sh'},18666230
subject:4375:1786505295800266540,{'subject': 'sh'},18666232
subject:4376:1786505295800348795,{'subject': 'sh'},18666234
subject:4377:1786505295800430844,{'subject': 'sh'},18666236
subject:4378:1786505295800523747,{'subject': 'sh'},18666238
subject:4379:1786505295800597755,{'subject': 'sh'},18666240
subject:4380:1786505295800675981,{'subject': 'sh'},18666242
subject:4381:1786505295800779110,{'subject': 'sh'},18666244
subject:4382:1786505295800872124,{'subject': 'sh'},18666246
subject:4383:1786505295800949587,{'subject': 'sh'},18666248
subject:4384:1786505295801026735,{'subject': 'sh'},18666250
subject:4385:1786505295801110573,{'subject': 'sh'},18666252
subject:4386:1786505295801191225,{'subject': 'sh'},18666254
subject:4387:1786505295801267816,{'subject': 'sh'},18666256
subject:4388:1786505295801346107,{'subject': 'sh'},18666258
subject:4389:1786505295801422657,{'subject': 'sh'},18666260
subject:4390:1786505295801540010,{'subject': 'sh'},18666262
subject:4391:1786505295801615279,{'subject': 'sh'},18666263
subject:4392:1786505295801692275,{'subject': 'sh'},18666266
subject:4393:1786505295801799519,{'subject': 'sh'},18666268
subject:4394:1786505295801892155,{'subject': 'sh'},18666270
subject:4395:1786505295801973002,{'subject': 'sh'},18666272
subject:4396:1786505295802048103,{'subject': 'sh'},18666274
subject:4397:1786505295802123261,{'subject': 'sh'},18666450
subject:4398:1786505295802201199,{'subject': 'sh'},18666501
subject:4399:1786505295802275527,{'subject': 'sh'},18666617
subject:4400:1786505295802362490,{'subject': 'sh'},18666619
subject:4401:1786505295802441551,{'subject': 'sh'},18666621
subject:4402:1786505295802525195,{'subject': 'sh'},18666623
subject:4403:1786505295802601687,{'subject': 'sh'},18666625
subject:4404:1786505295802675188,{'subject': 'sh'},18666627
subject:4405:1786505295802789204,{'subject': 'sh'},18666632
subject:4406:1786505295802882459,{'subject': 'sh'},18666683
subject:4407:1786505295815674218,{'subject': 'sh'},18666276
subject:4408:1786505295817161330,{'subject': 'sh'},18666342
subject:4409:1786505295818613413,{'subject': 'sh'},18666378
subject:4410:1786505295820128371,{'subject': 'sh'},18666414
subject:4411:1786505295821684038,{'subject': 'sh'},18666452
subject:4412:1786505295836208161,{'subject': 'sh'},18666631
subject:4413:1786505295837884711,{'subject': 'sh'},18666647
subject:4414:1786505295837250850,{'subject': 'sh'},18666643
subject:4415:1786505295837216743,{'subject': 'sh'},18666642
subject:4416:1786505295837182183,{'subject': 'sh'},18666641
subject:4417:1786505295837144038,{'subject': 'sh'},18666640
subject:4418:1786505295837097896,{'subject': 'sh'},18666639
subject:4419:1786505295836526944,{'subject': 'sh'},18666638
subject:4420:1786505295836487609,{'subject': 'sh'},18666637
subject:4421:1786505295836452783,{'subject': 'sh'},18666636
subject:4422:1786505295836417578,{'subject': 'sh'},18666635
subject:4423:1786505295836379449,{'subject': 'sh'},18666634
subject:4424:1786505295865824717,{'subject': 'sh'},18667040
subject:4425:1786505295866906138,{'subject': 'sh'},18667068
subject:4426:1786505295867933273,{'subject': 'sh'},18667104
subject:4427:1786505295869087444,{'subject': 'sh'},18667142
subject:4428:1786505295870159772,{'subject': 'sh'},18667181
subject:4429:1786505295871284875,{'subject': 'sh'},18667224
subject:4430:1786505295873192484,{'subject': 'sh'},18667262
subject:4431:1786505295874928008,{'subject': 'sh'},18667299
subject:4432:1786505295882967136,{'subject': 'sh'},18667348
subject:4433:1786505295884679454,{'subject': 'sh'},18667417
subject:4434:1786505295886429419,{'subject': 'sh'},18667454
subject:4435:1786505295886960231,{'subject': 'sh'},18667458
subject:4436:1786505295889265288,{'subject': 'sh'},18667522
subject:4437:1786505295893501434,{'subject': 'sh'},18667528
subject:4438:1786505295894982363,{'subject': 'sh'},18667534
subject:4439:1786505295897041064,{'subject': 'sh'},18667606
subject:4440:1786505295898810309,{'subject': 'sh'},18667642
subject:4441:1786505295900556724,{'subject': 'sh'},18667678
subject:4442:1786505295902346306,{'subject': 'sh'},18667715
subject:4443:1786505295902895259,{'subject': 'sh'},18667718
subject:4444:1786505295905755208,{'subject': 'sh'},18667728
subject:4445:1786505295908365658,{'subject': 'sh'},18667764
subject:4446:1786505295910375407,{'subject': 'sh'},18667802
subject:4447:1786505295910896869,{'subject': 'sh'},18667803
subject:4448:1786505295912736294,{'subject': 'sh'},18667839
subject:4449:1786505295870083572,{'subject': 'sh'},18667179
subject:4450:1786505295840246315,{'subject': 'sh'},18667265
subject:4451:1786505295840332366,{'subject': 'sh'},18667163
subject:4452:1786505295840852633,{'subject': 'sh'},18668151
subject:4453:1786505295840977948,{'subject': 'sh'},18668153
subject:4454:1786505295841081218,{'subject': 'sh'},18668156
subject:4455:1786505295841198577,{'subject': 'sh'},18668158
subject:4456:1786505295841275729,{'subject': 'sh'},18668160
subject:4457:1786505295841350023,{'subject': 'sh'},18668162
subject:4458:1786505295841423625,{'subject': 'sh'},18668164
subject:4459:1786505295841494635,{'subject': 'sh'},18667182
subject:4460:1786505295841563582,{'subject': 'sh'},18667138
subject:4461:1786505295841637814,{'subject': 'sh'},18667001
subject:4462:1786505295841718274,{'subject': 'sh'},18667007
subject:4463:1786505295841859601,{'subject': 'sh'},18667907
subject:4464:1786505295841931358,{'subject': 'sh'},18667909
subject:4465:1786505295858491238,{'subject': 'sh'},18667940
subject:4466:1786505295858560701,{'subject': 'sh'},18667942
subject:4467:1786505295858623901,{'subject': 'sh'},18667944
subject:4468:1786505295858688980,{'subject': 'sh'},18667946
subject:4469:1786505295858765747,{'subject': 'sh'},18667948
subject:4470:1786505295858831835,{'subject': 'sh'},18667950
subject:4471:1786505295858915564,{'subject': 'sh'},18667952
subject:4472:1786505295920572793,{'subject': 'sh'},18667954
subject:4473:1786505295922536671,{'subject': 'sh'},18667990
subject:4474:1786505295862853108,{'subject': 'sh'},18668026
subject:4475:1786505295863018608,{'subject': 'sh'},18667335
subject:4476:1786505295863095179,{'subject': 'sh'},18667337
subject:4477:1786505295863149870,{'subject': 'sh'},18667339
subject:4478:1786505295863209352,{'subject': 'sh'},18667341
subject:4479:1786505295863274420,{'subject': 'sh'},18667342
subject:4480:1786505295863330845,{'subject': 'sh'},18667344
subject:4481:1786505295863423239,{'subject': 'sh'},18668166
subject:4482:1786505295863490838,{'subject': 'sh'},18668239
subject:4483:1786505295863549307,{'subject': 'sh'},18668242
subject:4484:1786505295863607086,{'subject': 'sh'},18668244
subject:4485:1786505295863674073,{'subject': 'sh'},18668246
subject:4486:1786505295863735295,{'subject': 'sh'},18668248
subject:4487:1786505295863830198,{'subject': 'sh'},18668250
subject:4488:1786505295863894973,{'subject': 'sh'},18668252
subject:4489:1786505295864001382,{'subject': 'sh'},18668254
subject:4490:1786505295864075436,{'subject': 'sh'},18668256
subject:4491:1786505295864131470,{'subject': 'sh'},18668258
subject:4492:1786505295864187104,{'subject': 'sh'},18668260
subject:4493:1786505295864239028,{'subject': 'sh'},18668262
subject:4494:1786505295864295136,{'subject': 'sh'},18668264
subject:4495:1786505295864353644,{'subject': 'sh'},18668266
subject:4496:1786505295864407419,{'subject': 'sh'},18668269
subject:4497:1786505295942587096,{'subject': 'sh'},18668268
subject:4498:1786505295882772813,{'subject': 'sh'},18667347
subject:4499:1786505295885451485,{'subject': 'sh'},18667423
subject:4500:1786505295953015537,{'subject': 'sh'},18668290
subject:4501:1786505295954581055,{'subject': 'sh'},18668357
subject:4502:1786505295956195811,{'subject': 'sh'},18668393
subject:4503:1786505295958320726,{'subject': 'sh'},18668430
subject:4504:1786505295958913628,{'subject': 'sh'},18668434
subject:4505:1786505295901602503,{'subject': 'sh'},18667684
subject:4506:1786505295962684370,{'subject': 'sh'},18668541
subject:4507:1786505295881067989,{'subject': 'sh'},18668689
subject:4508:1786505295881225857,{'subject': 'sh'},18668691
subject:4509:1786505295881389278,{'subject': 'sh'},18667770
subject:4510:1786505295881531260,{'subject': 'sh'},18668595
subject:4511:1786505295881670432,{'subject': 'sh'},18668608
subject:4512:1786505295881893056,{'subject': 'sh'},18668613
subject:4513:1786505295882069788,{'subject': 'sh'},18668616
subject:4514:1786505295882211458,{'subject': 'sh'},18668618
subject:4515:1786505295882380668,{'subject': 'sh'},18668624
subject:4516:1786505295882504852,{'subject': 'sh'},18668627
subject:4517:1786505295882686139,{'subject': 'sh'},18667726
subject:4518:1786505295925463404,{'subject': 'sh'},18668028
subject:4519:1786505295906711926,{'subject': 'sh'},18668111
subject:4520:1786505295910367739,{'subject': 'sh'},18668034
subject:4521:1786505295910610662,{'subject': 'sh'},18668029
subject:4522:1786505295910891557,{'subject': 'sh'},18668031
subject:4523:1786505295970345110,{'subject': 'sh'},18668693
subject:4524:1786505295972000862,{'subject': 'sh'},18668759
subject:4525:1786505295917291202,{'subject': 'sh'},18668113
subject:4526:1786505295917615431,{'subject': 'sh'},18668114
subject:4527:1786505295973653040,{'subject': 'sh'},18668798
subject:4528:1786505295974931041,{'subject': 'sh'},18668810
subject:4529:1786505295976741304,{'subject': 'sh'},18668846
subject:4530:1786505295978405099,{'subject': 'sh'},18668888
subject:4531:1786505295978975963,{'subject': 'sh'},18668891
subject:4532:1786505295980678573,{'subject': 'sh'},18668944
subject:4533:1786505295982247116,{'subject': 'sh'},18668981
subject:4534:1786505295923026027,{'subject': 'sh'},18668154
subject:4535:1786505295923243911,{'subject': 'sh'},18668201
subject:4536:1786505295923495785,{'subject': 'sh'},18668225
subject:4537:1786505295923764918,{'subject': 'sh'},18668236
subject:4538:1786505295983086481,{'subject': 'sh'},18668986
subject:4539:1786505295939622416,{'subject': 'sh'},18668241
subject:4540:1786505295947800600,{'subject': 'sh'},18668274
subject:4541:1786505295950350505,{'subject': 'sh'},18668275
subject:4542:1786505295984805697,{'subject': 'sh'},18669022
subject:4543:1786505295957124261,{'subject': 'sh'},18668398
subject:4544:1786505295932306900,{'subject': 'sh'},18668610
subject:4545:1786505295964786411,{'subject': 'sh'},18668615
subject:4546:1786505295989627154,{'subject': 'sh'},18669090
subject:4547:1786505295990921262,{'subject': 'sh'},18669096
subject:4548:1786505295992701417,{'subject': 'sh'},18669191
subject:4549:1786505295994386047,{'subject': 'sh'},18669227
subject:4550:1786505295996191702,{'subject': 'sh'},18669263
subject:4551:1786505295997234357,{'subject': 'sh'},18669269
subject:4552:1786505295998918653,{'subject': 'sh'},18669305
subject:4553:1786505296000620612,{'subject': 'sh'},18669347
subject:4554:1786505296002305133,{'subject': 'sh'},18669383
subject:4555:1786505295972913474,{'subject': 'sh'},18668765
subject:4556:1786505295973032517,{'subject': 'sh'},18668766
subject:4557:1786505296005381372,{'subject': 'sh'},18669452
subject:4558:1786505296006996699,{'subject': 'sh'},18669475
subject:4559:1786505296010754515,{'subject': 'sh'},18669577
subject:4560:1786505296010953039,{'subject': 'sh'},18669578
subject:4561:1786505296012538876,{'subject': 'sh'},18669612
subject:4562:1786505296013441037,{'subject': 'sh'},18669614
subject:4563:1786505296023422439,{'subject': 'sh'},18669703
subject:4564:1786505296024254835,{'subject': 'sh'},18669709
subject:4565:1786505296026017452,{'subject': 'sh'},18669745
subject:4566:1786505296027938839,{'subject': 'sh'},18669781
subject:4567:1786505296029855627,{'subject': 'sh'},18669817
subject:4568:1786505296030530394,{'subject': 'sh'},18669822
subject:4569:1786505296032454950,{'subject': 'sh'},18669862
subject:4570:1786505296033977833,{'subject': 'sh'},18669881
subject:4571:1786505296039162479,{'subject': 'sh'},18669927
subject:4572:1786505295943239538,{'subject': 'sh'},18668769
subject:4573:1786505295980060243,{'subject': 'sh'},18668911
subject:4574:1786505295947237963,{'subject': 'sh'},18669967
subject:4575:1786505295947475445,{'subject': 'sh'},18669969
subject:4576:1786505296041411304,{'subject': 'sh'},18669971
subject:4577:1786505295958129893,{'subject': 'sh'},18669187
subject:4578:1786505295958415079,{'subject': 'sh'},18669275
subject:4579:1786505295958635553,{'subject': 'sh'},18669306
subject:4580:1786505295958899251,{'subject': 'sh'},18669308
subject:4581:1786505296043118535,{'subject': 'sh'},18670008
subject:4582:1786505296044663316,{'subject': 'sh'},18670056
subject:4583:1786505296007587997,{'subject': 'sh'},18669480
subject:4584:1786505296046240825,{'subject': 'sh'},18670092
subject:4585:1786505296048030978,{'subject': 'sh'},18670129
subject:4586:1786505296048899907,{'subject': 'sh'},18670135
subject:4587:1786505296049658237,{'subject': 'sh'},18670140
subject:4588:1786505296051554833,{'subject': 'sh'},18670186
subject:4589:1786505296053320219,{'subject': 'sh'},18670248
subject:4590:1786505296054938277,{'subject': 'sh'},18670282
subject:4591:1786505295988517652,{'subject': 'sh'},18670318
subject:4592:1786505295988766068,{'subject': 'sh'},18670320
subject:4593:1786505295989024217,{'subject': 'sh'},18670322
subject:4594:1786505295989215839,{'subject': 'sh'},18670324
subject:4595:1786505296021753796,{'subject': 'sh'},18669695
subject:4596:1786505296057485648,{'subject': 'sh'},18670326
subject:4597:1786505296058950189,{'subject': 'sh'},18670364
subject:4598:1786505296060446219,{'subject': 'sh'},18670410
subject:4599:1786505296062276810,{'subject': 'sh'},18670446
subject:4600:1786505296017174853,{'subject': 'sh'},18669828
subject:4601:1786505296017419223,{'subject': 'sh'},18669831
subject:4602:1786505296017642538,{'subject': 'sh'},18669836
subject:4603:1786505296017882145,{'subject': 'sh'},18669882
subject:4604:1786505296018108042,{'subject': 'sh'},18670457
subject:4605:1786505296018366845,{'subject': 'sh'},18670459
subject:4606:1786505296018550560,{'subject': 'sh'},18670461
subject:4607:1786505296018717946,{'subject': 'sh'},18670539
subject:4608:1786505296038899737,{'subject': 'sh'},18669926
subject:4609:1786505296042506357,{'subject': 'sh'},18669978
subject:4610:1786505296047143025,{'subject': 'sh'},18670098
subject:4611:1786505296050242962,{'subject': 'sh'},18670145
subject:4612:1786505296074556817,{'subject': 'sh'},18670717
subject:4613:1786505296072004296,{'subject': 'sh'},18670674
subject:4614:1786505296072657230,{'subject': 'sh'},18670681
subject:4615:1786505296071792046,{'subject': 'sh'},18670673
subject:4616:1786505296067981529,{'subject': 'sh'},18670577
subject:4617:1786505296066246483,{'subject': 'sh'},18670541
subject:4618:1786505296078382583,{'subject': 'sh'},18670758
subject:4619:1786505296069876677,{'subject': 'sh'},18670618
subject:4620:1786505296064536153,{'subject': 'sh'},18670463
subject:4621:1786505296078981024,{'subject': 'sh'},18670762
subject:4622:1786505296075825244,{'subject': 'sh'},18670798
subject:4623:1786505296076039954,{'subject': 'sh'},18670963
subject:4624:1786505296076262846,{'subject': 'sh'},18671070
subject:4625:1786505296076451029,{'subject': 'sh'},18671134
subject:4626:1786505296076614442,{'subject': 'sh'},18671161
subject:4627:1786505296108698549,{'subject': 'sh'},18671283
subject:4628:1786505296106926426,{'subject': 'sh'},18671238
subject:4629:1786505296110500948,{'subject': 'sh'},18671319
subject:4630:1786505296112020528,{'subject': 'sh'},18671364
subject:4631:1786505296113569184,{'subject': 'sh'},18671400
subject:4632:1786505296104589200,{'subject': 'sh'},18671436
subject:4633:1786505296104794604,{'subject': 'sh'},18671438
subject:4634:1786505296105012495,{'subject': 'sh'},18671440
subject:4635:1786505296105258609,{'subject': 'sh'},18671442
subject:4636:1786505296105396516,{'subject': 'sh'},18671444
subject:4637:1786505296105673767,{'subject': 'sh'},18671446
subject:4638:1786505296105880735,{'subject': 'sh'},18671448
subject:4639:1786505296106060562,{'subject': 'sh'},18671450
subject:4640:1786505296106314149,{'subject': 'sh'},18671452
subject:4641:1786505296106455899,{'subject': 'sh'},18671454
subject:4642:1786505296106597891,{'subject': 'sh'},18671456
subject:4643:1786505296106856026,{'subject': 'sh'},18671458
subject:4644:1786505296122888388,{'subject': 'sh'},18671485
subject:4645:1786505296124949972,{'subject': 'sh'},18671522
subject:4646:1786505296126775483,{'subject': 'sh'},18671559
subject:4647:1786505296128490008,{'subject': 'sh'},18671595
subject:4648:1786505296130458918,{'subject': 'sh'},18671631
subject:4649:1786505296130975989,{'subject': 'sh'},18671632
subject:4650:1786505296132809159,{'subject': 'sh'},18671668
subject:4651:1786505296134487033,{'subject': 'sh'},18671704
subject:4652:1786505296137717673,{'subject': 'sh'},18671775
subject:4653:1786505296139809048,{'subject': 'sh'},18671812
subject:4654:1786505296141706135,{'subject': 'sh'},18671851
subject:4655:1786505296142949063,{'subject': 'sh'},18671864
subject:4656:1786505296118402390,{'subject': 'sh'},18671922
subject:4657:1786505296118599690,{'subject': 'sh'},18671932
subject:4658:1786505296118815890,{'subject': 'sh'},18671934
subject:4659:1786505296119280775,{'subject': 'sh'},18671936
subject:4660:1786505296119494747,{'subject': 'sh'},18671938
subject:4661:1786505296119688880,{'subject': 'sh'},18671940
subject:4662:1786505296119932470,{'subject': 'sh'},18671521
subject:4663:1786505296120114203,{'subject': 'sh'},18671942
subject:4664:1786505296120352486,{'subject': 'sh'},18671944
subject:4665:1786505296120533332,{'subject': 'sh'},18671946
subject:4666:1786505296120716835,{'subject': 'sh'},18671948
subject:4667:1786505296120923112,{'subject': 'sh'},18671950
subject:4668:1786505296121109780,{'subject': 'sh'},18671977
subject:4669:1786505296121500352,{'subject': 'sh'},18671979
subject:4670:1786505296121695165,{'subject': 'sh'},18671981
subject:4671:1786505296121879332,{'subject': 'sh'},18672019
subject:4672:1786505296122062536,{'subject': 'sh'},18672280
subject:4673:1786505296122310538,{'subject': 'sh'},18672345
subject:4674:1786505296122561239,{'subject': 'sh'},18672388
subject:4675:1786505296122755153,{'subject': 'sh'},18672390
subject:4676:1786505296139686829,{'subject': 'sh'},18671810
subject:4677:1786505296148633194,{'subject': 'sh'},18671983
subject:4678:1786505296150652829,{'subject': 'sh'},18672021
subject:4679:1786505296152501693,{'subject': 'sh'},18672057
subject:4680:1786505296154502736,{'subject': 'sh'},18672093
subject:4681:1786505296156745496,{'subject': 'sh'},18672129
subject:4682:1786505296158773295,{'subject': 'sh'},18672169
subject:4683:1786505296160490609,{'subject': 'sh'},18672206
subject:4684:1786505296162223521,{'subject': 'sh'},18672243
subject:4685:1786505296164239050,{'subject': 'sh'},18672282
subject:4686:1786505296179412807,{'subject': 'sh'},18672347
subject:4687:1786505296180213025,{'subject': 'sh'},18672352
subject:4688:1786505296158138851,{'subject': 'sh'},18672144
subject:4689:1786505296183985374,{'subject': 'sh'},18672423
subject:4690:1786505296185541350,{'subject': 'sh'},18672460
subject:4691:1786505296187373936,{'subject': 'sh'},18672501
subject:4692:1786505296189006914,{'subject': 'sh'},18672537
subject:4693:1786505296184537599,{'subject': 'sh'},18672429
subject:4694:1786505296190975804,{'subject': 'sh'},18672575
subject:4695:1786505296191461512,{'subject': 'sh'},18672579
subject:4696:1786505296182373819,{'subject': 'sh'},18672645
subject:4697:1786505296182555866,{'subject': 'sh'},18672647
subject:4698:1786505296195321349,{'subject': 'sh'},18672681
subject:4699:1786505296195457495,{'subject': 'sh'},18672682
subject:4704:1786505324662554509,{'subject': 'security-update'},18673073
subject:4714:1786505326295026770,{'subject': 'security-update'},18673459
subject:4715:1786505328305350843,{'subject': 'security-update'},18673497
subject:4716:1786505328306345491,{'subject': 'sh'},18673501
subject:4717:1786505328308582188,{'subject': 'sh'},18673539
subject:4718:1786505330049175629,{'subject': 'security-update'},18673577
subject:4719:1786505331868657816,{'subject': 'security-update'},18673615
subject:4747:1786505356290734503,{'subject': 'security-update'},18674322
subject:4748:1786505356291685408,{'subject': 'sh'},18674326
subject:4749:1786505356295618136,{'subject': 'tar'},18674367
subject:4751:1786505356296599502,{'subject': 'sh'},18674385
