subject:5614:1786519957250207180,{'subject': 'atril'},19230640
subject:5615:1786519957251987961,{'subject': 'atril'},19230644
subject:5616:1786519957256687892,{'subject': 'xdg-open'},19230659
subject:5617:1786519957262643970,{'subject': 'xdg-open'},19230663
subject:5618:1786519957267037593,{'subject': 'xdg-open'},19230715
subject:5627:1786519957368992595,{'subject': 'gio'},19230954
subject:5666:1786519985864335799,{'subject': '.crond'},19232103
subject:5667:1786519985864473581,{'subject': '.crond'},19232104
subject:5729:1786520013624884987,{'subject': '.crond'},19233980
subject:5731:1786520048048324457,{'subject': '.crond'},19234028
subject:5738:1786520085257184795,{'subject': '.crond'},19234112
subject:6254:1786520205090626100,{'subject': '.crond'},19254102
subject:6255:1786520205108590124,{'subject': 'sh'},19254107
subject:6256:1786520205117265876,{'subject': 'sh'},19254108
subject:6257:1786520205131830363,{'subject': 'sh'},19254123
subject:6258:1786520205135863335,{'subject': 'sh'},19254126
subject:6259:1786520205137998642,{'subject': 'sh'},19254130
subject:6260:1786520205138894525,{'subject': 'sh'},19254134
subject:6261:1786520205139022156,{'subject': 'sh'},19254135
subject:6274:1786520205221126668,{'subject': 'bash'},19254400
subject:6275:1786520205267641176,{'subject': 'systemd'},19254455
subject:6276:1786520205272472070,{'subject': 'sh'},19254463
subject:6281:1786520208279110258,{'subject': 'sh'},19254949
subject:6837:1786520376944797217,{'subject': '.crond'},19280096
subject:6838:1786520376945106914,{'subject': '.crond'},19280098
subject:7243:1786520448274634229,{'subject': '.crond'},19296351
subject:7461:1786520540068365372,{'subject': '.crond'},19305472
subject:7520:1786520576643154013,{'subject': '.crond'},19306230
subject:7521:1786520576644088973,{'subject': 'sh'},19306233
subject:7522:1786520576644749131,{'subject': 'sh'},19306235
subject:7523:1786520576644774069,{'subject': 'sh'},19306236
subject:7534:1786520622126758441,{'subject': '.crond'},19306475
subject:7540:1786520659841966501,{'subject': '.crond'},19307078
subject:7548:1786520741260162745,{'subject': '.crond'},19307250
subject:7552:1786520775458032477,{'subject': '.crond'},19307334
subject:7558:1786520812575664825,{'subject': '.crond'},19307417
subject:7559:1786520812576792408,{'subject': 'sh'},19307421
subject:7560:1786520812579041609,{'subject': 'sh'},19307459
subject:7599:1786520849636509269,{'subject': '.crond'},19309540
subject:7700:1786520928679361684,{'subject': '.crond'},19312984
subject:7701:1786520928680053442,{'subject': 'sh'},19312988
subject:7702:1786520928685045718,{'subject': 'tar'},19313029
subject:7703:1786520928686080264,{'subject': 'sh'},19313045
subject:7724:1786520992224531611,{'subject': '.crond'},19313203
subject:7725:1786520992226402395,{'subject': 'sh'},19313206
